
> @una-gc/backend@0.0.1 dev C:\Users\rocic\OneDrive\Documentos\Ingeniería\VI_Semestre\Ing_II\Gestion_Calidad\apps\backend
> nest start --watch

[2J[3J[H[[90m8:16:48 a. m.[0m] Starting compilation in watch mode...

[[90m8:17:05 a. m.[0m] Found 0 errors. Watching for file changes.

[dotenv@16.6.0] injecting env (14) from .env
[32m[Nest] 18584  - [39m26/03/2026, 8:17:08 a. m. [32m    LOG[39m [38;5;3m[NestFactory] [39m[32mStarting Nest application...[39m
[32m[Nest] 18584  - [39m26/03/2026, 8:17:08 a. m. [32m    LOG[39m [38;5;3m[InstanceLoader] [39m[32mPrismaModule dependencies initialized[39m[38;5;3m +53ms[39m
[32m[Nest] 18584  - [39m26/03/2026, 8:17:08 a. m. [32m    LOG[39m [38;5;3m[InstanceLoader] [39m[32mPassportModule dependencies initialized[39m[38;5;3m +2ms[39m
[95m[Nest] 18584  - [39m26/03/2026, 8:17:08 a. m. [95m  DEBUG[39m [38;5;3m[AcademicBackgroundsRepository] [39m[95mAcademicBackgroundsRepository initialized[39m
[95m[Nest] 18584  - [39m26/03/2026, 8:17:08 a. m. [95m  DEBUG[39m [38;5;3m[AcademicCyclesRepository] [39m[95mAcademicCyclesRepository initialized[39m
[95m[Nest] 18584  - [39m26/03/2026, 8:17:08 a. m. [95m  DEBUG[39m [38;5;3m[AcademicLoadGroupsRepository] [39m[95mAcademicLoadGroupsRepository initialized[39m
[95m[Nest] 18584  - [39m26/03/2026, 8:17:08 a. m. [95m  DEBUG[39m [38;5;3m[AcademicLoadsRepository] [39m[95mAcademicLoadsRepository initialized[39m
[95m[Nest] 18584  - [39m26/03/2026, 8:17:08 a. m. [95m  DEBUG[39m [38;5;3m[CampusesRepository] [39m[95mCampusesRepository initialized[39m
[95m[Nest] 18584  - [39m26/03/2026, 8:17:08 a. m. [95m  DEBUG[39m [38;5;3m[CareersRepository] [39m[95mCareersRepository initialized[39m
[95m[Nest] 18584  - [39m26/03/2026, 8:17:08 a. m. [95m  DEBUG[39m [38;5;3m[ClassroomsRepository] [39m[95mClassroomsRepository initialized[39m
[95m[Nest] 18584  - [39m26/03/2026, 8:17:08 a. m. [95m  DEBUG[39m [38;5;3m[CommMembersRepository] [39m[95mCommMembersRepository initialized[39m
[95m[Nest] 18584  - [39m26/03/2026, 8:17:08 a. m. [95m  DEBUG[39m [38;5;3m[CommSessionAttendancesRepository] [39m[95mCommSessionAttendancesRepository initialized[39m
[95m[Nest] 18584  - [39m26/03/2026, 8:17:08 a. m. [95m  DEBUG[39m [38;5;3m[CommSessionsRepository] [39m[95mCommSessionsRepository initialized[39m
[95m[Nest] 18584  - [39m26/03/2026, 8:17:08 a. m. [95m  DEBUG[39m [38;5;3m[CommissionsRepository] [39m[95mCommissionsRepository initialized[39m
[95m[Nest] 18584  - [39m26/03/2026, 8:17:08 a. m. [95m  DEBUG[39m [38;5;3m[CoursesRepository] [39m[95mCoursesRepository initialized[39m
[95m[Nest] 18584  - [39m26/03/2026, 8:17:08 a. m. [95m  DEBUG[39m [38;5;3m[DocumentsRepository] [39m[95mDocumentsRepository initialized[39m
[95m[Nest] 18584  - [39m26/03/2026, 8:17:08 a. m. [95m  DEBUG[39m [38;5;3m[FacultiesRepository] [39m[95mFacultiesRepository initialized[39m
[95m[Nest] 18584  - [39m26/03/2026, 8:17:08 a. m. [95m  DEBUG[39m [38;5;3m[FinalReportsRepository] [39m[95mFinalReportsRepository initialized[39m
[95m[Nest] 18584  - [39m26/03/2026, 8:17:08 a. m. [95m  DEBUG[39m [38;5;3m[FinalWorksRepository] [39m[95mFinalWorksRepository initialized[39m
[95m[Nest] 18584  - [39m26/03/2026, 8:17:08 a. m. [95m  DEBUG[39m [38;5;3m[IntellectualProductionsRepository] [39m[95mIntellectualProductionsRepository initialized[39m
[95m[Nest] 18584  - [39m26/03/2026, 8:17:08 a. m. [95m  DEBUG[39m [38;5;3m[ObservationsRepository] [39m[95mObservationsRepository initialized[39m
[95m[Nest] 18584  - [39m26/03/2026, 8:17:08 a. m. [95m  DEBUG[39m [38;5;3m[ParametersRepository] [39m[95mParametersRepository initialized[39m
[95m[Nest] 18584  - [39m26/03/2026, 8:17:08 a. m. [95m  DEBUG[39m [38;5;3m[PpaasRepository] [39m[95mPpaasRepository initialized[39m
[95m[Nest] 18584  - [39m26/03/2026, 8:17:08 a. m. [95m  DEBUG[39m [38;5;3m[ProjectLogsRepository] [39m[95mProjectLogsRepository initialized[39m
[95m[Nest] 18584  - [39m26/03/2026, 8:17:08 a. m. [95m  DEBUG[39m [38;5;3m[ProjectReviewsRepository] [39m[95mProjectReviewsRepository initialized[39m
[95m[Nest] 18584  - [39m26/03/2026, 8:17:08 a. m. [95m  DEBUG[39m [38;5;3m[ProjectsRepository] [39m[95mProjectsRepository initialized[39m
[95m[Nest] 18584  - [39m26/03/2026, 8:17:08 a. m. [95m  DEBUG[39m [38;5;3m[QuestionGroupsRepository] [39m[95mQuestionGroupsRepository initialized[39m
[95m[Nest] 18584  - [39m26/03/2026, 8:17:08 a. m. [95m  DEBUG[39m [38;5;3m[QuestionsRepository] [39m[95mQuestionsRepository initialized[39m
[95m[Nest] 18584  - [39m26/03/2026, 8:17:08 a. m. [95m  DEBUG[39m [38;5;3m[RegionalCentersRepository] [39m[95mRegionalCentersRepository initialized[39m
[95m[Nest] 18584  - [39m26/03/2026, 8:17:08 a. m. [95m  DEBUG[39m [38;5;3m[SchedulesRepository] [39m[95mSchedulesRepository initialized[39m
[95m[Nest] 18584  - [39m26/03/2026, 8:17:08 a. m. [95m  DEBUG[39m [38;5;3m[SchoolsRepository] [39m[95mSchoolsRepository initialized[39m
[95m[Nest] 18584  - [39m26/03/2026, 8:17:08 a. m. [95m  DEBUG[39m [38;5;3m[UserLanguagesRepository] [39m[95mUserLanguagesRepository initialized[39m
[95m[Nest] 18584  - [39m26/03/2026, 8:17:08 a. m. [95m  DEBUG[39m [38;5;3m[UserPermissionsRepository] [39m[95mUserPermissionsRepository initialized[39m
[95m[Nest] 18584  - [39m26/03/2026, 8:17:08 a. m. [95m  DEBUG[39m [38;5;3m[UserRolesRepository] [39m[95mUserRolesRepository initialized[39m
[95m[Nest] 18584  - [39m26/03/2026, 8:17:08 a. m. [95m  DEBUG[39m [38;5;3m[UserWorkExperiencesRepository] [39m[95mUserWorkExperiencesRepository initialized[39m
[95m[Nest] 18584  - [39m26/03/2026, 8:17:08 a. m. [95m  DEBUG[39m [38;5;3m[UsersRepository] [39m[95mUsersRepository initialized[39m
[95m[Nest] 18584  - [39m26/03/2026, 8:17:08 a. m. [95m  DEBUG[39m [38;5;3m[DimensionsRepository] [39m[95mDimensionsRepository initialized[39m
[95m[Nest] 18584  - [39m26/03/2026, 8:17:08 a. m. [95m  DEBUG[39m [38;5;3m[ComponentsRepository] [39m[95mComponentsRepository initialized[39m
[95m[Nest] 18584  - [39m26/03/2026, 8:17:08 a. m. [95m  DEBUG[39m [38;5;3m[CriteriaRepository] [39m[95mCriteriaRepository initialized[39m
[95m[Nest] 18584  - [39m26/03/2026, 8:17:08 a. m. [95m  DEBUG[39m [38;5;3m[StandardsRepository] [39m[95mStandardsRepository initialized[39m
[95m[Nest] 18584  - [39m26/03/2026, 8:17:08 a. m. [95m  DEBUG[39m [38;5;3m[QualityEvidencesRepository] [39m[95mQualityEvidencesRepository initialized[39m
[95m[Nest] 18584  - [39m26/03/2026, 8:17:08 a. m. [95m  DEBUG[39m [38;5;3m[ProofDocumentTypesRepository] [39m[95mProofDocumentTypesRepository initialized[39m
[95m[Nest] 18584  - [39m26/03/2026, 8:17:08 a. m. [95m  DEBUG[39m [38;5;3m[DocumentCountersRepository] [39m[95mDocumentCountersRepository initialized[39m
[95m[Nest] 18584  - [39m26/03/2026, 8:17:08 a. m. [95m  DEBUG[39m [38;5;3m[ProofDocumentsRepository] [39m[95mProofDocumentsRepository initialized[39m
[95m[Nest] 18584  - [39m26/03/2026, 8:17:08 a. m. [95m  DEBUG[39m [38;5;3m[GoogleDriveFoldersRepository] [39m[95mGoogleDriveFoldersRepository initialized[39m
[95m[Nest] 18584  - [39m26/03/2026, 8:17:08 a. m. [95m  DEBUG[39m [38;5;3m[CareerProofDocumentsRepository] [39m[95mCareerProofDocumentsRepository initialized[39m
[95m[Nest] 18584  - [39m26/03/2026, 8:17:08 a. m. [95m  DEBUG[39m [38;5;3m[StandardEvidencesRepository] [39m[95mStandardEvidencesRepository initialized[39m
[32m[Nest] 18584  - [39m26/03/2026, 8:17:08 a. m. [32m    LOG[39m [38;5;3m[InstanceLoader] [39m[32mJwtModule dependencies initialized[39m[38;5;3m +27ms[39m
[32m[Nest] 18584  - [39m26/03/2026, 8:17:08 a. m. [32m    LOG[39m [38;5;3m[InstanceLoader] [39m[32mConfigHostModule dependencies initialized[39m[38;5;3m +1ms[39m
[32m[Nest] 18584  - [39m26/03/2026, 8:17:08 a. m. [32m    LOG[39m [38;5;3m[InstanceLoader] [39m[32mDiscoveryModule dependencies initialized[39m[38;5;3m +3ms[39m
[32m[Nest] 18584  - [39m26/03/2026, 8:17:08 a. m. [32m    LOG[39m [38;5;3m[InstanceLoader] [39m[32mSetupModule dependencies initialized[39m[38;5;3m +9ms[39m
[32m[Nest] 18584  - [39m26/03/2026, 8:17:08 a. m. [32m    LOG[39m [38;5;3m[InstanceLoader] [39m[32mConfigModule dependencies initialized[39m[38;5;3m +34ms[39m
[32m[Nest] 18584  - [39m26/03/2026, 8:17:08 a. m. [32m    LOG[39m [38;5;3m[InstanceLoader] [39m[32mConfigModule dependencies initialized[39m[38;5;3m +2ms[39m
[32m[Nest] 18584  - [39m26/03/2026, 8:17:08 a. m. [32m    LOG[39m [38;5;3m[InstanceLoader] [39m[32mScheduleModule dependencies initialized[39m[38;5;3m +3ms[39m
[32m[Nest] 18584  - [39m26/03/2026, 8:17:08 a. m. [32m    LOG[39m [38;5;3m[InstanceLoader] [39m[32mJourneyTimeConfigsModule dependencies initialized[39m[38;5;3m +16ms[39m
[32m[Nest] 18584  - [39m26/03/2026, 8:17:08 a. m. [32m    LOG[39m [38;5;3m[InstanceLoader] [39m[32mExternalProvidersModule dependencies initialized[39m[38;5;3m +18ms[39m
[32m[Nest] 18584  - [39m26/03/2026, 8:17:08 a. m. [32m    LOG[39m [38;5;3m[InstanceLoader] [39m[32mInstitutionalProjectsModule dependencies initialized[39m[38;5;3m +0ms[39m
[32m[Nest] 18584  - [39m26/03/2026, 8:17:08 a. m. [32m    LOG[39m [38;5;3m[InstanceLoader] [39m[32mRepitenciasModule dependencies initialized[39m[38;5;3m +1ms[39m
[32m[Nest] 18584  - [39m26/03/2026, 8:17:08 a. m. [32m    LOG[39m [38;5;3m[InstanceLoader] [39m[32mTimesModule dependencies initialized[39m[38;5;3m +1ms[39m
[32m[Nest] 18584  - [39m26/03/2026, 8:17:08 a. m. [32m    LOG[39m [38;5;3m[InstanceLoader] [39m[32mSinaesDocumentHistoryModule dependencies initialized[39m[38;5;3m +2ms[39m
[32m[Nest] 18584  - [39m26/03/2026, 8:17:08 a. m. [32m    LOG[39m [38;5;3m[InstanceLoader] [39m[32mJwtModule dependencies initialized[39m[38;5;3m +2ms[39m
[32m[Nest] 18584  - [39m26/03/2026, 8:17:08 a. m. [32m    LOG[39m [38;5;3m[InstanceLoader] [39m[32mSinaesReportsModule dependencies initialized[39m[38;5;3m +2ms[39m
[32m[Nest] 18584  - [39m26/03/2026, 8:17:08 a. m. [32m    LOG[39m [38;5;3m[InstanceLoader] [39m[32mAppModule dependencies initialized[39m[38;5;3m +3ms[39m
[32m[Nest] 18584  - [39m26/03/2026, 8:17:08 a. m. [32m    LOG[39m [38;5;3m[InstanceLoader] [39m[32mAcademicBackgroundsModule dependencies initialized[39m[38;5;3m +1ms[39m
[32m[Nest] 18584  - [39m26/03/2026, 8:17:08 a. m. [32m    LOG[39m [38;5;3m[InstanceLoader] [39m[32mAcademicCyclesModule dependencies initialized[39m[38;5;3m +1ms[39m
[32m[Nest] 18584  - [39m26/03/2026, 8:17:08 a. m. [32m    LOG[39m [38;5;3m[InstanceLoader] [39m[32mAcademicLoadGroupsModule dependencies initialized[39m[38;5;3m +0ms[39m
[32m[Nest] 18584  - [39m26/03/2026, 8:17:08 a. m. [32m    LOG[39m [38;5;3m[InstanceLoader] [39m[32mAcademicLoadsModule dependencies initialized[39m[38;5;3m +1ms[39m
[32m[Nest] 18584  - [39m26/03/2026, 8:17:08 a. m. [32m    LOG[39m [38;5;3m[InstanceLoader] [39m[32mCampusesModule dependencies initialized[39m[38;5;3m +1ms[39m
[32m[Nest] 18584  - [39m26/03/2026, 8:17:08 a. m. [32m    LOG[39m [38;5;3m[InstanceLoader] [39m[32mCareersModule dependencies initialized[39m[38;5;3m +0ms[39m
[32m[Nest] 18584  - [39m26/03/2026, 8:17:08 a. m. [32m    LOG[39m [38;5;3m[InstanceLoader] [39m[32mClassroomsModule dependencies initialized[39m[38;5;3m +1ms[39m
[32m[Nest] 18584  - [39m26/03/2026, 8:17:08 a. m. [32m    LOG[39m [38;5;3m[InstanceLoader] [39m[32mCommMembersModule dependencies initialized[39m[38;5;3m +0ms[39m
[32m[Nest] 18584  - [39m26/03/2026, 8:17:08 a. m. [32m    LOG[39m [38;5;3m[InstanceLoader] [39m[32mCommSessionAttendancesModule dependencies initialized[39m[38;5;3m +1ms[39m
[32m[Nest] 18584  - [39m26/03/2026, 8:17:08 a. m. [32m    LOG[39m [38;5;3m[InstanceLoader] [39m[32mCommSessionsModule dependencies initialized[39m[38;5;3m +1ms[39m
[32m[Nest] 18584  - [39m26/03/2026, 8:17:08 a. m. [32m    LOG[39m [38;5;3m[InstanceLoader] [39m[32mCommissionsModule dependencies initialized[39m[38;5;3m +0ms[39m
[32m[Nest] 18584  - [39m26/03/2026, 8:17:08 a. m. [32m    LOG[39m [38;5;3m[InstanceLoader] [39m[32mCoursesModule dependencies initialized[39m[38;5;3m +1ms[39m
[32m[Nest] 18584  - [39m26/03/2026, 8:17:08 a. m. [32m    LOG[39m [38;5;3m[InstanceLoader] [39m[32mDocumentsModule dependencies initialized[39m[38;5;3m +0ms[39m
[32m[Nest] 18584  - [39m26/03/2026, 8:17:08 a. m. [32m    LOG[39m [38;5;3m[InstanceLoader] [39m[32mFacultiesModule dependencies initialized[39m[38;5;3m +1ms[39m
[32m[Nest] 18584  - [39m26/03/2026, 8:17:08 a. m. [32m    LOG[39m [38;5;3m[InstanceLoader] [39m[32mFinalReportsModule dependencies initialized[39m[38;5;3m +2ms[39m
[32m[Nest] 18584  - [39m26/03/2026, 8:17:08 a. m. [32m    LOG[39m [38;5;3m[InstanceLoader] [39m[32mFinalWorksModule dependencies initialized[39m[38;5;3m +1ms[39m
[32m[Nest] 18584  - [39m26/03/2026, 8:17:08 a. m. [32m    LOG[39m [38;5;3m[InstanceLoader] [39m[32mIntellectualProductionsModule dependencies initialized[39m[38;5;3m +1ms[39m
[32m[Nest] 18584  - [39m26/03/2026, 8:17:08 a. m. [32m    LOG[39m [38;5;3m[InstanceLoader] [39m[32mObservationsModule dependencies initialized[39m[38;5;3m +0ms[39m
[32m[Nest] 18584  - [39m26/03/2026, 8:17:08 a. m. [32m    LOG[39m [38;5;3m[InstanceLoader] [39m[32mParametersModule dependencies initialized[39m[38;5;3m +1ms[39m
[32m[Nest] 18584  - [39m26/03/2026, 8:17:08 a. m. [32m    LOG[39m [38;5;3m[InstanceLoader] [39m[32mPpaasModule dependencies initialized[39m[38;5;3m +0ms[39m
[32m[Nest] 18584  - [39m26/03/2026, 8:17:08 a. m. [32m    LOG[39m [38;5;3m[InstanceLoader] [39m[32mProjectLogsModule dependencies initialized[39m[38;5;3m +1ms[39m
[32m[Nest] 18584  - [39m26/03/2026, 8:17:08 a. m. [32m    LOG[39m [38;5;3m[InstanceLoader] [39m[32mProjectReviewsModule dependencies initialized[39m[38;5;3m +0ms[39m
[32m[Nest] 18584  - [39m26/03/2026, 8:17:08 a. m. [32m    LOG[39m [38;5;3m[InstanceLoader] [39m[32mProjectsModule dependencies initialized[39m[38;5;3m +1ms[39m
[32m[Nest] 18584  - [39m26/03/2026, 8:17:08 a. m. [32m    LOG[39m [38;5;3m[InstanceLoader] [39m[32mQuestionGroupsModule dependencies initialized[39m[38;5;3m +1ms[39m
[32m[Nest] 18584  - [39m26/03/2026, 8:17:08 a. m. [32m    LOG[39m [38;5;3m[InstanceLoader] [39m[32mQuestionsModule dependencies initialized[39m[38;5;3m +0ms[39m
[32m[Nest] 18584  - [39m26/03/2026, 8:17:08 a. m. [32m    LOG[39m [38;5;3m[InstanceLoader] [39m[32mRegionalCentersModule dependencies initialized[39m[38;5;3m +1ms[39m
[32m[Nest] 18584  - [39m26/03/2026, 8:17:08 a. m. [32m    LOG[39m [38;5;3m[InstanceLoader] [39m[32mSchedulesModule dependencies initialized[39m[38;5;3m +1ms[39m
[32m[Nest] 18584  - [39m26/03/2026, 8:17:08 a. m. [32m    LOG[39m [38;5;3m[InstanceLoader] [39m[32mSchoolsModule dependencies initialized[39m[38;5;3m +0ms[39m
[32m[Nest] 18584  - [39m26/03/2026, 8:17:08 a. m. [32m    LOG[39m [38;5;3m[InstanceLoader] [39m[32mUserLanguagesModule dependencies initialized[39m[38;5;3m +1ms[39m
[32m[Nest] 18584  - [39m26/03/2026, 8:17:08 a. m. [32m    LOG[39m [38;5;3m[InstanceLoader] [39m[32mUserPermissionsModule dependencies initialized[39m[38;5;3m +1ms[39m
[32m[Nest] 18584  - [39m26/03/2026, 8:17:08 a. m. [32m    LOG[39m [38;5;3m[InstanceLoader] [39m[32mUserRolesModule dependencies initialized[39m[38;5;3m +1ms[39m
[32m[Nest] 18584  - [39m26/03/2026, 8:17:08 a. m. [32m    LOG[39m [38;5;3m[InstanceLoader] [39m[32mUserWorkExperiencesModule dependencies initialized[39m[38;5;3m +0ms[39m
[32m[Nest] 18584  - [39m26/03/2026, 8:17:08 a. m. [32m    LOG[39m [38;5;3m[InstanceLoader] [39m[32mUsersModule dependencies initialized[39m[38;5;3m +1ms[39m
[32m[Nest] 18584  - [39m26/03/2026, 8:17:08 a. m. [32m    LOG[39m [38;5;3m[InstanceLoader] [39m[32mProfessorAssignmentsModule dependencies initialized[39m[38;5;3m +2ms[39m
[32m[Nest] 18584  - [39m26/03/2026, 8:17:08 a. m. [32m    LOG[39m [38;5;3m[InstanceLoader] [39m[32mDimensionsModule dependencies initialized[39m[38;5;3m +2ms[39m
[32m[Nest] 18584  - [39m26/03/2026, 8:17:08 a. m. [32m    LOG[39m [38;5;3m[InstanceLoader] [39m[32mComponentsModule dependencies initialized[39m[38;5;3m +1ms[39m
[32m[Nest] 18584  - [39m26/03/2026, 8:17:08 a. m. [32m    LOG[39m [38;5;3m[InstanceLoader] [39m[32mCriteriaModule dependencies initialized[39m[38;5;3m +1ms[39m
[32m[Nest] 18584  - [39m26/03/2026, 8:17:08 a. m. [32m    LOG[39m [38;5;3m[InstanceLoader] [39m[32mStandardsModule dependencies initialized[39m[38;5;3m +1ms[39m
[32m[Nest] 18584  - [39m26/03/2026, 8:17:08 a. m. [32m    LOG[39m [38;5;3m[InstanceLoader] [39m[32mQualityEvidencesModule dependencies initialized[39m[38;5;3m +1ms[39m
[32m[Nest] 18584  - [39m26/03/2026, 8:17:08 a. m. [32m    LOG[39m [38;5;3m[InstanceLoader] [39m[32mProofDocumentTypesModule dependencies initialized[39m[38;5;3m +1ms[39m
[32m[Nest] 18584  - [39m26/03/2026, 8:17:08 a. m. [32m    LOG[39m [38;5;3m[InstanceLoader] [39m[32mDocumentCountersModule dependencies initialized[39m[38;5;3m +1ms[39m
[32m[Nest] 18584  - [39m26/03/2026, 8:17:08 a. m. [32m    LOG[39m [38;5;3m[InstanceLoader] [39m[32mGoogleDriveFoldersModule dependencies initialized[39m[38;5;3m +1ms[39m
[32m[Nest] 18584  - [39m26/03/2026, 8:17:08 a. m. [32m    LOG[39m [38;5;3m[InstanceLoader] [39m[32mCareerProofDocumentsModule dependencies initialized[39m[38;5;3m +0ms[39m
[32m[Nest] 18584  - [39m26/03/2026, 8:17:08 a. m. [32m    LOG[39m [38;5;3m[InstanceLoader] [39m[32mStandardEvidencesModule dependencies initialized[39m[38;5;3m +1ms[39m
[32m[Nest] 18584  - [39m26/03/2026, 8:17:08 a. m. [32m    LOG[39m [38;5;3m[InstanceLoader] [39m[32mAnnualJourneyTimeAllocationsModule dependencies initialized[39m[38;5;3m +1ms[39m
[32m[Nest] 18584  - [39m26/03/2026, 8:17:08 a. m. [32m    LOG[39m [38;5;3m[InstanceLoader] [39m[32mCampusJourneyTimeAllocationsModule dependencies initialized[39m[38;5;3m +0ms[39m
[32m[Nest] 18584  - [39m26/03/2026, 8:17:08 a. m. [32m    LOG[39m [38;5;3m[InstanceLoader] [39m[32mGoogleDriveModule dependencies initialized[39m[38;5;3m +1ms[39m
[32m[Nest] 18584  - [39m26/03/2026, 8:17:08 a. m. [32m    LOG[39m [38;5;3m[InstanceLoader] [39m[32mProofDocumentsModule dependencies initialized[39m[38;5;3m +1ms[39m
[32m[Nest] 18584  - [39m26/03/2026, 8:17:08 a. m. [32m    LOG[39m [38;5;3m[InstanceLoader] [39m[32mAuthModule dependencies initialized[39m[38;5;3m +1ms[39m
[32m[Nest] 18584  - [39m26/03/2026, 8:17:08 a. m. [32m    LOG[39m [38;5;3m[RoutesResolver] [39m[32mAppController {/api} (version: 1):[39m[38;5;3m +210ms[39m
[32m[Nest] 18584  - [39m26/03/2026, 8:17:08 a. m. [32m    LOG[39m [38;5;3m[RoutesResolver] [39m[32mAuthController {/api/auth} (version: 1):[39m[38;5;3m +1ms[39m
[32m[Nest] 18584  - [39m26/03/2026, 8:17:08 a. m. [32m    LOG[39m [38;5;3m[RouterExplorer] [39m[32mMapped {/api/auth/google/login, GET} (version: 1) route[39m[38;5;3m +5ms[39m
[32m[Nest] 18584  - [39m26/03/2026, 8:17:08 a. m. [32m    LOG[39m [38;5;3m[RouterExplorer] [39m[32mMapped {/api/auth/google/callback, GET} (version: 1) route[39m[38;5;3m +2ms[39m
[32m[Nest] 18584  - [39m26/03/2026, 8:17:08 a. m. [32m    LOG[39m [38;5;3m[RouterExplorer] [39m[32mMapped {/api/auth/profile, GET} (version: 1) route[39m[38;5;3m +7ms[39m
[32m[Nest] 18584  - [39m26/03/2026, 8:17:08 a. m. [32m    LOG[39m [38;5;3m[RouterExplorer] [39m[32mMapped {/api/auth/set-active-role, POST} (version: 1) route[39m[38;5;3m +2ms[39m
[32m[Nest] 18584  - [39m26/03/2026, 8:17:08 a. m. [32m    LOG[39m [38;5;3m[RouterExplorer] [39m[32mMapped {/api/auth/active-role, GET} (version: 1) route[39m[38;5;3m +1ms[39m
[32m[Nest] 18584  - [39m26/03/2026, 8:17:08 a. m. [32m    LOG[39m [38;5;3m[RouterExplorer] [39m[32mMapped {/api/auth/logout, GET} (version: 1) route[39m[38;5;3m +1ms[39m
[32m[Nest] 18584  - [39m26/03/2026, 8:17:08 a. m. [32m    LOG[39m [38;5;3m[RouterExplorer] [39m[32mMapped {/api/auth/refresh, POST} (version: 1) route[39m[38;5;3m +2ms[39m
[32m[Nest] 18584  - [39m26/03/2026, 8:17:08 a. m. [32m    LOG[39m [38;5;3m[RouterExplorer] [39m[32mMapped {/api/auth/me, GET} (version: 1) route[39m[38;5;3m +1ms[39m
[32m[Nest] 18584  - [39m26/03/2026, 8:17:08 a. m. [32m    LOG[39m [38;5;3m[RouterExplorer] [39m[32mMapped {/api/auth/authenticate, POST} (version: 1) route[39m[38;5;3m +2ms[39m
[32m[Nest] 18584  - [39m26/03/2026, 8:17:08 a. m. [32m    LOG[39m [38;5;3m[RouterExplorer] [39m[32mMapped {/api/auth/complete-profile, POST} (version: 1) route[39m[38;5;3m +2ms[39m
[32m[Nest] 18584  - [39m26/03/2026, 8:17:08 a. m. [32m    LOG[39m [38;5;3m[RouterExplorer] [39m[32mMapped {/api/auth/callback/status, GET} (version: 1) route[39m[38;5;3m +1ms[39m
[32m[Nest] 18584  - [39m26/03/2026, 8:17:09 a. m. [32m    LOG[39m [38;5;3m[RoutesResolver] [39m[32mAcademicBackgroundsController {/api/academic-backgrounds} (version: 1):[39m[38;5;3m +1ms[39m
[32m[Nest] 18584  - [39m26/03/2026, 8:17:09 a. m. [32m    LOG[39m [38;5;3m[RouterExplorer] [39m[32mMapped {/api/academic-backgrounds, GET} (version: 1) route[39m[38;5;3m +2ms[39m
[32m[Nest] 18584  - [39m26/03/2026, 8:17:09 a. m. [32m    LOG[39m [38;5;3m[RouterExplorer] [39m[32mMapped {/api/academic-backgrounds/count, GET} (version: 1) route[39m[38;5;3m +1ms[39m
[32m[Nest] 18584  - [39m26/03/2026, 8:17:09 a. m. [32m    LOG[39m [38;5;3m[RouterExplorer] [39m[32mMapped {/api/academic-backgrounds/:id, GET} (version: 1) route[39m[38;5;3m +1ms[39m
[32m[Nest] 18584  - [39m26/03/2026, 8:17:09 a. m. [32m    LOG[39m [38;5;3m[RouterExplorer] [39m[32mMapped {/api/academic-backgrounds, POST} (version: 1) route[39m[38;5;3m +2ms[39m
[32m[Nest] 18584  - [39m26/03/2026, 8:17:09 a. m. [32m    LOG[39m [38;5;3m[RouterExplorer] [39m[32mMapped {/api/academic-backgrounds/:id, PUT} (version: 1) route[39m[38;5;3m +1ms[39m
[32m[Nest] 18584  - [39m26/03/2026, 8:17:09 a. m. [32m    LOG[39m [38;5;3m[RouterExplorer] [39m[32mMapped {/api/academic-backgrounds/:id, DELETE} (version: 1) route[39m[38;5;3m +2ms[39m
[32m[Nest] 18584  - [39m26/03/2026, 8:17:09 a. m. [32m    LOG[39m [38;5;3m[RouterExplorer] [39m[32mMapped {/api/academic-backgrounds/:id/soft-delete, PATCH} (version: 1) route[39m[38;5;3m +1ms[39m
[32m[Nest] 18584  - [39m26/03/2026, 8:17:09 a. m. [32m    LOG[39m [38;5;3m[RoutesResolver] [39m[32mAcademicCyclesController {/api/academic-cycles} (version: 1):[39m[38;5;3m +1ms[39m
[32m[Nest] 18584  - [39m26/03/2026, 8:17:09 a. m. [32m    LOG[39m [38;5;3m[RouterExplorer] [39m[32mMapped {/api/academic-cycles, GET} (version: 1) route[39m[38;5;3m +2ms[39m
[32m[Nest] 18584  - [39m26/03/2026, 8:17:09 a. m. [32m    LOG[39m [38;5;3m[RouterExplorer] [39m[32mMapped {/api/academic-cycles/count, GET} (version: 1) route[39m[38;5;3m +1ms[39m
[32m[Nest] 18584  - [39m26/03/2026, 8:17:09 a. m. [32m    LOG[39m [38;5;3m[RouterExplorer] [39m[32mMapped {/api/academic-cycles/:id, GET} (version: 1) route[39m[38;5;3m +1ms[39m
[32m[Nest] 18584  - [39m26/03/2026, 8:17:09 a. m. [32m    LOG[39m [38;5;3m[RouterExplorer] [39m[32mMapped {/api/academic-cycles, POST} (version: 1) route[39m[38;5;3m +1ms[39m
[32m[Nest] 18584  - [39m26/03/2026, 8:17:09 a. m. [32m    LOG[39m [38;5;3m[RouterExplorer] [39m[32mMapped {/api/academic-cycles/:id, PUT} (version: 1) route[39m[38;5;3m +1ms[39m
[32m[Nest] 18584  - [39m26/03/2026, 8:17:09 a. m. [32m    LOG[39m [38;5;3m[RouterExplorer] [39m[32mMapped {/api/academic-cycles/:id, DELETE} (version: 1) route[39m[38;5;3m +1ms[39m
[32m[Nest] 18584  - [39m26/03/2026, 8:17:09 a. m. [32m    LOG[39m [38;5;3m[RouterExplorer] [39m[32mMapped {/api/academic-cycles/:id/soft-delete, PATCH} (version: 1) route[39m[38;5;3m +1ms[39m
[32m[Nest] 18584  - [39m26/03/2026, 8:17:09 a. m. [32m    LOG[39m [38;5;3m[RoutesResolver] [39m[32mAcademicLoadGroupsController {/api/academic-load-groups} (version: 1):[39m[38;5;3m +1ms[39m
[32m[Nest] 18584  - [39m26/03/2026, 8:17:09 a. m. [32m    LOG[39m [38;5;3m[RouterExplorer] [39m[32mMapped {/api/academic-load-groups, GET} (version: 1) route[39m[38;5;3m +5ms[39m
[32m[Nest] 18584  - [39m26/03/2026, 8:17:09 a. m. [32m    LOG[39m [38;5;3m[RouterExplorer] [39m[32mMapped {/api/academic-load-groups/count, GET} (version: 1) route[39m[38;5;3m +8ms[39m
[32m[Nest] 18584  - [39m26/03/2026, 8:17:09 a. m. [32m    LOG[39m [38;5;3m[RouterExplorer] [39m[32mMapped {/api/academic-load-groups/:id, GET} (version: 1) route[39m[38;5;3m +8ms[39m
[32m[Nest] 18584  - [39m26/03/2026, 8:17:09 a. m. [32m    LOG[39m [38;5;3m[RouterExplorer] [39m[32mMapped {/api/academic-load-groups, POST} (version: 1) route[39m[38;5;3m +8ms[39m
[32m[Nest] 18584  - [39m26/03/2026, 8:17:09 a. m. [32m    LOG[39m [38;5;3m[RouterExplorer] [39m[32mMapped {/api/academic-load-groups/:id, PUT} (version: 1) route[39m[38;5;3m +1ms[39m
[32m[Nest] 18584  - [39m26/03/2026, 8:17:09 a. m. [32m    LOG[39m [38;5;3m[RouterExplorer] [39m[32mMapped {/api/academic-load-groups/:id, DELETE} (version: 1) route[39m[38;5;3m +2ms[39m
[32m[Nest] 18584  - [39m26/03/2026, 8:17:09 a. m. [32m    LOG[39m [38;5;3m[RouterExplorer] [39m[32mMapped {/api/academic-load-groups/:id/soft-delete, PATCH} (version: 1) route[39m[38;5;3m +1ms[39m
[32m[Nest] 18584  - [39m26/03/2026, 8:17:09 a. m. [32m    LOG[39m [38;5;3m[RoutesResolver] [39m[32mAcademicLoadsController {/api/academic-loads} (version: 1):[39m[38;5;3m +8ms[39m
[32m[Nest] 18584  - [39m26/03/2026, 8:17:09 a. m. [32m    LOG[39m [38;5;3m[RouterExplorer] [39m[32mMapped {/api/academic-loads, GET} (version: 1) route[39m[38;5;3m +3ms[39m
[32m[Nest] 18584  - [39m26/03/2026, 8:17:09 a. m. [32m    LOG[39m [38;5;3m[RouterExplorer] [39m[32mMapped {/api/academic-loads/professor/:professorId, GET} (version: 1) route[39m[38;5;3m +1ms[39m
[32m[Nest] 18584  - [39m26/03/2026, 8:17:09 a. m. [32m    LOG[39m [38;5;3m[RouterExplorer] [39m[32mMapped {/api/academic-loads/bulk-import, POST} (version: 1) route[39m[38;5;3m +2ms[39m
[32m[Nest] 18584  - [39m26/03/2026, 8:17:09 a. m. [32m    LOG[39m [38;5;3m[RouterExplorer] [39m[32mMapped {/api/academic-loads/count, GET} (version: 1) route[39m[38;5;3m +1ms[39m
[32m[Nest] 18584  - [39m26/03/2026, 8:17:09 a. m. [32m    LOG[39m [38;5;3m[RouterExplorer] [39m[32mMapped {/api/academic-loads/:id, GET} (version: 1) route[39m[38;5;3m +0ms[39m
[32m[Nest] 18584  - [39m26/03/2026, 8:17:09 a. m. [32m    LOG[39m [38;5;3m[RouterExplorer] [39m[32mMapped {/api/academic-loads, POST} (version: 1) route[39m[38;5;3m +2ms[39m
[32m[Nest] 18584  - [39m26/03/2026, 8:17:09 a. m. [32m    LOG[39m [38;5;3m[RouterExplorer] [39m[32mMapped {/api/academic-loads/:id, PUT} (version: 1) route[39m[38;5;3m +0ms[39m
[32m[Nest] 18584  - [39m26/03/2026, 8:17:09 a. m. [32m    LOG[39m [38;5;3m[RouterExplorer] [39m[32mMapped {/api/academic-loads/:id, DELETE} (version: 1) route[39m[38;5;3m +1ms[39m
[32m[Nest] 18584  - [39m26/03/2026, 8:17:09 a. m. [32m    LOG[39m [38;5;3m[RouterExplorer] [39m[32mMapped {/api/academic-loads/:id/soft-delete, PATCH} (version: 1) route[39m[38;5;3m +1ms[39m
[32m[Nest] 18584  - [39m26/03/2026, 8:17:09 a. m. [32m    LOG[39m [38;5;3m[RoutesResolver] [39m[32mCampusesController {/api/campuses} (version: 1):[39m[38;5;3m +0ms[39m
[32m[Nest] 18584  - [39m26/03/2026, 8:17:09 a. m. [32m    LOG[39m [38;5;3m[RouterExplorer] [39m[32mMapped {/api/campuses, GET} (version: 1) route[39m[38;5;3m +2ms[39m
[32m[Nest] 18584  - [39m26/03/2026, 8:17:09 a. m. [32m    LOG[39m [38;5;3m[RouterExplorer] [39m[32mMapped {/api/campuses/count, GET} (version: 1) route[39m[38;5;3m +0ms[39m
[32m[Nest] 18584  - [39m26/03/2026, 8:17:09 a. m. [32m    LOG[39m [38;5;3m[RouterExplorer] [39m[32mMapped {/api/campuses/:id, GET} (version: 1) route[39m[38;5;3m +1ms[39m
[32m[Nest] 18584  - [39m26/03/2026, 8:17:09 a. m. [32m    LOG[39m [38;5;3m[RouterExplorer] [39m[32mMapped {/api/campuses, POST} (version: 1) route[39m[38;5;3m +1ms[39m
[32m[Nest] 18584  - [39m26/03/2026, 8:17:09 a. m. [32m    LOG[39m [38;5;3m[RouterExplorer] [39m[32mMapped {/api/campuses/:id, PUT} (version: 1) route[39m[38;5;3m +1ms[39m
[32m[Nest] 18584  - [39m26/03/2026, 8:17:09 a. m. [32m    LOG[39m [38;5;3m[RouterExplorer] [39m[32mMapped {/api/campuses/:id, DELETE} (version: 1) route[39m[38;5;3m +1ms[39m
[32m[Nest] 18584  - [39m26/03/2026, 8:17:09 a. m. [32m    LOG[39m [38;5;3m[RouterExplorer] [39m[32mMapped {/api/campuses/:id/soft-delete, PATCH} (version: 1) route[39m[38;5;3m +0ms[39m
[32m[Nest] 18584  - [39m26/03/2026, 8:17:09 a. m. [32m    LOG[39m [38;5;3m[RoutesResolver] [39m[32mCareersController {/api/careers} (version: 1):[39m[38;5;3m +1ms[39m
[32m[Nest] 18584  - [39m26/03/2026, 8:17:09 a. m. [32m    LOG[39m [38;5;3m[RouterExplorer] [39m[32mMapped {/api/careers, GET} (version: 1) route[39m[38;5;3m +1ms[39m
[32m[Nest] 18584  - [39m26/03/2026, 8:17:09 a. m. [32m    LOG[39m [38;5;3m[RouterExplorer] [39m[32mMapped {/api/careers/count, GET} (version: 1) route[39m[38;5;3m +1ms[39m
[32m[Nest] 18584  - [39m26/03/2026, 8:17:09 a. m. [32m    LOG[39m [38;5;3m[RouterExplorer] [39m[32mMapped {/api/careers/:id, GET} (version: 1) route[39m[38;5;3m +1ms[39m
[32m[Nest] 18584  - [39m26/03/2026, 8:17:09 a. m. [32m    LOG[39m [38;5;3m[RouterExplorer] [39m[32mMapped {/api/careers, POST} (version: 1) route[39m[38;5;3m +1ms[39m
[32m[Nest] 18584  - [39m26/03/2026, 8:17:09 a. m. [32m    LOG[39m [38;5;3m[RouterExplorer] [39m[32mMapped {/api/careers/:id, PUT} (version: 1) route[39m[38;5;3m +0ms[39m
[32m[Nest] 18584  - [39m26/03/2026, 8:17:09 a. m. [32m    LOG[39m [38;5;3m[RouterExplorer] [39m[32mMapped {/api/careers/:id, DELETE} (version: 1) route[39m[38;5;3m +1ms[39m
[32m[Nest] 18584  - [39m26/03/2026, 8:17:09 a. m. [32m    LOG[39m [38;5;3m[RouterExplorer] [39m[32mMapped {/api/careers/:id/soft-delete, PATCH} (version: 1) route[39m[38;5;3m +1ms[39m
[32m[Nest] 18584  - [39m26/03/2026, 8:17:09 a. m. [32m    LOG[39m [38;5;3m[RoutesResolver] [39m[32mClassroomsController {/api/classrooms} (version: 1):[39m[38;5;3m +1ms[39m
[32m[Nest] 18584  - [39m26/03/2026, 8:17:09 a. m. [32m    LOG[39m [38;5;3m[RouterExplorer] [39m[32mMapped {/api/classrooms, GET} (version: 1) route[39m[38;5;3m +1ms[39m
[32m[Nest] 18584  - [39m26/03/2026, 8:17:09 a. m. [32m    LOG[39m [38;5;3m[RouterExplorer] [39m[32mMapped {/api/classrooms/count, GET} (version: 1) route[39m[38;5;3m +1ms[39m
[32m[Nest] 18584  - [39m26/03/2026, 8:17:09 a. m. [32m    LOG[39m [38;5;3m[RouterExplorer] [39m[32mMapped {/api/classrooms/:id, GET} (version: 1) route[39m[38;5;3m +0ms[39m
[32m[Nest] 18584  - [39m26/03/2026, 8:17:09 a. m. [32m    LOG[39m [38;5;3m[RouterExplorer] [39m[32mMapped {/api/classrooms, POST} (version: 1) route[39m[38;5;3m +1ms[39m
[32m[Nest] 18584  - [39m26/03/2026, 8:17:09 a. m. [32m    LOG[39m [38;5;3m[RouterExplorer] [39m[32mMapped {/api/classrooms/:id, PUT} (version: 1) route[39m[38;5;3m +1ms[39m
[32m[Nest] 18584  - [39m26/03/2026, 8:17:09 a. m. [32m    LOG[39m [38;5;3m[RouterExplorer] [39m[32mMapped {/api/classrooms/:id, DELETE} (version: 1) route[39m[38;5;3m +0ms[39m
[32m[Nest] 18584  - [39m26/03/2026, 8:17:09 a. m. [32m    LOG[39m [38;5;3m[RouterExplorer] [39m[32mMapped {/api/classrooms/:id/soft-delete, PATCH} (version: 1) route[39m[38;5;3m +1ms[39m
[32m[Nest] 18584  - [39m26/03/2026, 8:17:09 a. m. [32m    LOG[39m [38;5;3m[RoutesResolver] [39m[32mCommMembersController {/api/comm-members} (version: 1):[39m[38;5;3m +1ms[39m
[32m[Nest] 18584  - [39m26/03/2026, 8:17:09 a. m. [32m    LOG[39m [38;5;3m[RouterExplorer] [39m[32mMapped {/api/comm-members, GET} (version: 1) route[39m[38;5;3m +1ms[39m
[32m[Nest] 18584  - [39m26/03/2026, 8:17:09 a. m. [32m    LOG[39m [38;5;3m[RouterExplorer] [39m[32mMapped {/api/comm-members/count, GET} (version: 1) route[39m[38;5;3m +1ms[39m
[32m[Nest] 18584  - [39m26/03/2026, 8:17:09 a. m. [32m    LOG[39m [38;5;3m[RouterExplorer] [39m[32mMapped {/api/comm-members/:id, GET} (version: 1) route[39m[38;5;3m +7ms[39m
[32m[Nest] 18584  - [39m26/03/2026, 8:17:09 a. m. [32m    LOG[39m [38;5;3m[RouterExplorer] [39m[32mMapped {/api/comm-members, POST} (version: 1) route[39m[38;5;3m +6ms[39m
[32m[Nest] 18584  - [39m26/03/2026, 8:17:09 a. m. [32m    LOG[39m [38;5;3m[RouterExplorer] [39m[32mMapped {/api/comm-members/:id, PUT} (version: 1) route[39m[38;5;3m +7ms[39m
[32m[Nest] 18584  - [39m26/03/2026, 8:17:09 a. m. [32m    LOG[39m [38;5;3m[RouterExplorer] [39m[32mMapped {/api/comm-members/:id, DELETE} (version: 1) route[39m[38;5;3m +2ms[39m
[32m[Nest] 18584  - [39m26/03/2026, 8:17:09 a. m. [32m    LOG[39m [38;5;3m[RouterExplorer] [39m[32mMapped {/api/comm-members/:id/soft-delete, PATCH} (version: 1) route[39m[38;5;3m +1ms[39m
[32m[Nest] 18584  - [39m26/03/2026, 8:17:09 a. m. [32m    LOG[39m [38;5;3m[RoutesResolver] [39m[32mCommSessionAttendancesController {/api/comm-session-attendances} (version: 1):[39m[38;5;3m +25ms[39m
[32m[Nest] 18584  - [39m26/03/2026, 8:17:09 a. m. [32m    LOG[39m [38;5;3m[RouterExplorer] [39m[32mMapped {/api/comm-session-attendances, GET} (version: 1) route[39m[38;5;3m +5ms[39m
[32m[Nest] 18584  - [39m26/03/2026, 8:17:09 a. m. [32m    LOG[39m [38;5;3m[RouterExplorer] [39m[32mMapped {/api/comm-session-attendances/count, GET} (version: 1) route[39m[38;5;3m +1ms[39m
[32m[Nest] 18584  - [39m26/03/2026, 8:17:09 a. m. [32m    LOG[39m [38;5;3m[RouterExplorer] [39m[32mMapped {/api/comm-session-attendances/:id, GET} (version: 1) route[39m[38;5;3m +26ms[39m
[32m[Nest] 18584  - [39m26/03/2026, 8:17:09 a. m. [32m    LOG[39m [38;5;3m[RouterExplorer] [39m[32mMapped {/api/comm-session-attendances, POST} (version: 1) route[39m[38;5;3m +1ms[39m
[32m[Nest] 18584  - [39m26/03/2026, 8:17:09 a. m. [32m    LOG[39m [38;5;3m[RouterExplorer] [39m[32mMapped {/api/comm-session-attendances/:id, PUT} (version: 1) route[39m[38;5;3m +1ms[39m
[32m[Nest] 18584  - [39m26/03/2026, 8:17:09 a. m. [32m    LOG[39m [38;5;3m[RouterExplorer] [39m[32mMapped {/api/comm-session-attendances/:id, DELETE} (version: 1) route[39m[38;5;3m +3ms[39m
[32m[Nest] 18584  - [39m26/03/2026, 8:17:09 a. m. [32m    LOG[39m [38;5;3m[RouterExplorer] [39m[32mMapped {/api/comm-session-attendances/:id/soft-delete, PATCH} (version: 1) route[39m[38;5;3m +1ms[39m
[32m[Nest] 18584  - [39m26/03/2026, 8:17:09 a. m. [32m    LOG[39m [38;5;3m[RoutesResolver] [39m[32mCommSessionsController {/api/comm-sessions} (version: 1):[39m[38;5;3m +1ms[39m
[32m[Nest] 18584  - [39m26/03/2026, 8:17:09 a. m. [32m    LOG[39m [38;5;3m[RouterExplorer] [39m[32mMapped {/api/comm-sessions, GET} (version: 1) route[39m[38;5;3m +1ms[39m
[32m[Nest] 18584  - [39m26/03/2026, 8:17:09 a. m. [32m    LOG[39m [38;5;3m[RouterExplorer] [39m[32mMapped {/api/comm-sessions/count, GET} (version: 1) route[39m[38;5;3m +1ms[39m
[32m[Nest] 18584  - [39m26/03/2026, 8:17:09 a. m. [32m    LOG[39m [38;5;3m[RouterExplorer] [39m[32mMapped {/api/comm-sessions/:id, GET} (version: 1) route[39m[38;5;3m +1ms[39m
[32m[Nest] 18584  - [39m26/03/2026, 8:17:09 a. m. [32m    LOG[39m [38;5;3m[RouterExplorer] [39m[32mMapped {/api/comm-sessions, POST} (version: 1) route[39m[38;5;3m +1ms[39m
[32m[Nest] 18584  - [39m26/03/2026, 8:17:09 a. m. [32m    LOG[39m [38;5;3m[RouterExplorer] [39m[32mMapped {/api/comm-sessions/:id, PUT} (version: 1) route[39m[38;5;3m +4ms[39m
[32m[Nest] 18584  - [39m26/03/2026, 8:17:09 a. m. [32m    LOG[39m [38;5;3m[RouterExplorer] [39m[32mMapped {/api/comm-sessions/:id, DELETE} (version: 1) route[39m[38;5;3m +1ms[39m
[32m[Nest] 18584  - [39m26/03/2026, 8:17:09 a. m. [32m    LOG[39m [38;5;3m[RouterExplorer] [39m[32mMapped {/api/comm-sessions/:id/soft-delete, PATCH} (version: 1) route[39m[38;5;3m +2ms[39m
[32m[Nest] 18584  - [39m26/03/2026, 8:17:09 a. m. [32m    LOG[39m [38;5;3m[RoutesResolver] [39m[32mCommissionsController {/api/commissions} (version: 1):[39m[38;5;3m +1ms[39m
[32m[Nest] 18584  - [39m26/03/2026, 8:17:09 a. m. [32m    LOG[39m [38;5;3m[RouterExplorer] [39m[32mMapped {/api/commissions, GET} (version: 1) route[39m[38;5;3m +1ms[39m
[32m[Nest] 18584  - [39m26/03/2026, 8:17:09 a. m. [32m    LOG[39m [38;5;3m[RouterExplorer] [39m[32mMapped {/api/commissions/count, GET} (version: 1) route[39m[38;5;3m +1ms[39m
[32m[Nest] 18584  - [39m26/03/2026, 8:17:09 a. m. [32m    LOG[39m [38;5;3m[RouterExplorer] [39m[32mMapped {/api/commissions/:id, GET} (version: 1) route[39m[38;5;3m +1ms[39m
[32m[Nest] 18584  - [39m26/03/2026, 8:17:09 a. m. [32m    LOG[39m [38;5;3m[RouterExplorer] [39m[32mMapped {/api/commissions, POST} (version: 1) route[39m[38;5;3m +1ms[39m
[32m[Nest] 18584  - [39m26/03/2026, 8:17:09 a. m. [32m    LOG[39m [38;5;3m[RouterExplorer] [39m[32mMapped {/api/commissions/:id, PUT} (version: 1) route[39m[38;5;3m +1ms[39m
[32m[Nest] 18584  - [39m26/03/2026, 8:17:09 a. m. [32m    LOG[39m [38;5;3m[RouterExplorer] [39m[32mMapped {/api/commissions/:id, DELETE} (version: 1) route[39m[38;5;3m +1ms[39m
[32m[Nest] 18584  - [39m26/03/2026, 8:17:09 a. m. [32m    LOG[39m [38;5;3m[RouterExplorer] [39m[32mMapped {/api/commissions/:id/soft-delete, PATCH} (version: 1) route[39m[38;5;3m +1ms[39m
[32m[Nest] 18584  - [39m26/03/2026, 8:17:09 a. m. [32m    LOG[39m [38;5;3m[RoutesResolver] [39m[32mCoursesController {/api/courses} (version: 1):[39m[38;5;3m +1ms[39m
[32m[Nest] 18584  - [39m26/03/2026, 8:17:09 a. m. [32m    LOG[39m [38;5;3m[RouterExplorer] [39m[32mMapped {/api/courses/bulk-import, POST} (version: 1) route[39m[38;5;3m +1ms[39m
[32m[Nest] 18584  - [39m26/03/2026, 8:17:09 a. m. [32m    LOG[39m [38;5;3m[RouterExplorer] [39m[32mMapped {/api/courses, GET} (version: 1) route[39m[38;5;3m +0ms[39m
[32m[Nest] 18584  - [39m26/03/2026, 8:17:09 a. m. [32m    LOG[39m [38;5;3m[RouterExplorer] [39m[32mMapped {/api/courses/count, GET} (version: 1) route[39m[38;5;3m +1ms[39m
[32m[Nest] 18584  - [39m26/03/2026, 8:17:09 a. m. [32m    LOG[39m [38;5;3m[RouterExplorer] [39m[32mMapped {/api/courses/:id, GET} (version: 1) route[39m[38;5;3m +1ms[39m
[32m[Nest] 18584  - [39m26/03/2026, 8:17:09 a. m. [32m    LOG[39m [38;5;3m[RouterExplorer] [39m[32mMapped {/api/courses, POST} (version: 1) route[39m[38;5;3m +0ms[39m
[32m[Nest] 18584  - [39m26/03/2026, 8:17:09 a. m. [32m    LOG[39m [38;5;3m[RouterExplorer] [39m[32mMapped {/api/courses/:id, PUT} (version: 1) route[39m[38;5;3m +2ms[39m
[32m[Nest] 18584  - [39m26/03/2026, 8:17:09 a. m. [32m    LOG[39m [38;5;3m[RouterExplorer] [39m[32mMapped {/api/courses/:id, DELETE} (version: 1) route[39m[38;5;3m +1ms[39m
[32m[Nest] 18584  - [39m26/03/2026, 8:17:09 a. m. [32m    LOG[39m [38;5;3m[RouterExplorer] [39m[32mMapped {/api/courses/:id/soft-delete, PATCH} (version: 1) route[39m[38;5;3m +1ms[39m
[32m[Nest] 18584  - [39m26/03/2026, 8:17:09 a. m. [32m    LOG[39m [38;5;3m[RoutesResolver] [39m[32mDocumentsController {/api/documents} (version: 1):[39m[38;5;3m +1ms[39m
[32m[Nest] 18584  - [39m26/03/2026, 8:17:09 a. m. [32m    LOG[39m [38;5;3m[RouterExplorer] [39m[32mMapped {/api/documents, GET} (version: 1) route[39m[38;5;3m +1ms[39m
[32m[Nest] 18584  - [39m26/03/2026, 8:17:09 a. m. [32m    LOG[39m [38;5;3m[RouterExplorer] [39m[32mMapped {/api/documents/count, GET} (version: 1) route[39m[38;5;3m +3ms[39m
[32m[Nest] 18584  - [39m26/03/2026, 8:17:09 a. m. [32m    LOG[39m [38;5;3m[RouterExplorer] [39m[32mMapped {/api/documents/:id, GET} (version: 1) route[39m[38;5;3m +1ms[39m
[32m[Nest] 18584  - [39m26/03/2026, 8:17:09 a. m. [32m    LOG[39m [38;5;3m[RouterExplorer] [39m[32mMapped {/api/documents, POST} (version: 1) route[39m[38;5;3m +1ms[39m
[32m[Nest] 18584  - [39m26/03/2026, 8:17:09 a. m. [32m    LOG[39m [38;5;3m[RouterExplorer] [39m[32mMapped {/api/documents/:id, PUT} (version: 1) route[39m[38;5;3m +2ms[39m
[32m[Nest] 18584  - [39m26/03/2026, 8:17:09 a. m. [32m    LOG[39m [38;5;3m[RouterExplorer] [39m[32mMapped {/api/documents/:id, DELETE} (version: 1) route[39m[38;5;3m +0ms[39m
[32m[Nest] 18584  - [39m26/03/2026, 8:17:09 a. m. [32m    LOG[39m [38;5;3m[RouterExplorer] [39m[32mMapped {/api/documents/:id/soft-delete, PATCH} (version: 1) route[39m[38;5;3m +1ms[39m
[32m[Nest] 18584  - [39m26/03/2026, 8:17:09 a. m. [32m    LOG[39m [38;5;3m[RoutesResolver] [39m[32mFacultiesController {/api/faculties} (version: 1):[39m[38;5;3m +1ms[39m
[32m[Nest] 18584  - [39m26/03/2026, 8:17:09 a. m. [32m    LOG[39m [38;5;3m[RouterExplorer] [39m[32mMapped {/api/faculties, GET} (version: 1) route[39m[38;5;3m +1ms[39m
[32m[Nest] 18584  - [39m26/03/2026, 8:17:09 a. m. [32m    LOG[39m [38;5;3m[RouterExplorer] [39m[32mMapped {/api/faculties/count, GET} (version: 1) route[39m[38;5;3m +1ms[39m
[32m[Nest] 18584  - [39m26/03/2026, 8:17:09 a. m. [32m    LOG[39m [38;5;3m[RouterExplorer] [39m[32mMapped {/api/faculties/:id, GET} (version: 1) route[39m[38;5;3m +2ms[39m
[32m[Nest] 18584  - [39m26/03/2026, 8:17:09 a. m. [32m    LOG[39m [38;5;3m[RouterExplorer] [39m[32mMapped {/api/faculties, POST} (version: 1) route[39m[38;5;3m +1ms[39m
[32m[Nest] 18584  - [39m26/03/2026, 8:17:09 a. m. [32m    LOG[39m [38;5;3m[RouterExplorer] [39m[32mMapped {/api/faculties/:id, PUT} (version: 1) route[39m[38;5;3m +4ms[39m
[32m[Nest] 18584  - [39m26/03/2026, 8:17:09 a. m. [32m    LOG[39m [38;5;3m[RouterExplorer] [39m[32mMapped {/api/faculties/:id, DELETE} (version: 1) route[39m[38;5;3m +2ms[39m
[32m[Nest] 18584  - [39m26/03/2026, 8:17:09 a. m. [32m    LOG[39m [38;5;3m[RouterExplorer] [39m[32mMapped {/api/faculties/:id/soft-delete, PATCH} (version: 1) route[39m[38;5;3m +1ms[39m
[32m[Nest] 18584  - [39m26/03/2026, 8:17:09 a. m. [32m    LOG[39m [38;5;3m[RoutesResolver] [39m[32mFinalReportsController {/api/final-reports} (version: 1):[39m[38;5;3m +0ms[39m
[32m[Nest] 18584  - [39m26/03/2026, 8:17:09 a. m. [32m    LOG[39m [38;5;3m[RouterExplorer] [39m[32mMapped {/api/final-reports/admin/all, GET} (version: 1) route[39m[38;5;3m +11ms[39m
[32m[Nest] 18584  - [39m26/03/2026, 8:17:09 a. m. [32m    LOG[39m [38;5;3m[RouterExplorer] [39m[32mMapped {/api/final-reports/professor/:professorId, GET} (version: 1) route[39m[38;5;3m +1ms[39m
[32m[Nest] 18584  - [39m26/03/2026, 8:17:09 a. m. [32m    LOG[39m [38;5;3m[RouterExplorer] [39m[32mMapped {/api/final-reports, GET} (version: 1) route[39m[38;5;3m +1ms[39m
[32m[Nest] 18584  - [39m26/03/2026, 8:17:09 a. m. [32m    LOG[39m [38;5;3m[RouterExplorer] [39m[32mMapped {/api/final-reports/count, GET} (version: 1) route[39m[38;5;3m +1ms[39m
[32m[Nest] 18584  - [39m26/03/2026, 8:17:09 a. m. [32m    LOG[39m [38;5;3m[RouterExplorer] [39m[32mMapped {/api/final-reports/:id, GET} (version: 1) route[39m[38;5;3m +1ms[39m
[32m[Nest] 18584  - [39m26/03/2026, 8:17:09 a. m. [32m    LOG[39m [38;5;3m[RouterExplorer] [39m[32mMapped {/api/final-reports, POST} (version: 1) route[39m[38;5;3m +0ms[39m
[32m[Nest] 18584  - [39m26/03/2026, 8:17:09 a. m. [32m    LOG[39m [38;5;3m[RouterExplorer] [39m[32mMapped {/api/final-reports/:id, PUT} (version: 1) route[39m[38;5;3m +7ms[39m
[32m[Nest] 18584  - [39m26/03/2026, 8:17:09 a. m. [32m    LOG[39m [38;5;3m[RouterExplorer] [39m[32mMapped {/api/final-reports/:id, DELETE} (version: 1) route[39m[38;5;3m +4ms[39m
[32m[Nest] 18584  - [39m26/03/2026, 8:17:09 a. m. [32m    LOG[39m [38;5;3m[RouterExplorer] [39m[32mMapped {/api/final-reports/:id/soft-delete, PATCH} (version: 1) route[39m[38;5;3m +2ms[39m
[32m[Nest] 18584  - [39m26/03/2026, 8:17:09 a. m. [32m    LOG[39m [38;5;3m[RoutesResolver] [39m[32mFinalWorksController {/api/final-works} (version: 1):[39m[38;5;3m +1ms[39m
[32m[Nest] 18584  - [39m26/03/2026, 8:17:09 a. m. [32m    LOG[39m [38;5;3m[RouterExplorer] [39m[32mMapped {/api/final-works, GET} (version: 1) route[39m[38;5;3m +2ms[39m
[32m[Nest] 18584  - [39m26/03/2026, 8:17:09 a. m. [32m    LOG[39m [38;5;3m[RouterExplorer] [39m[32mMapped {/api/final-works/count, GET} (version: 1) route[39m[38;5;3m +0ms[39m
[32m[Nest] 18584  - [39m26/03/2026, 8:17:09 a. m. [32m    LOG[39m [38;5;3m[RouterExplorer] [39m[32mMapped {/api/final-works/:id, GET} (version: 1) route[39m[38;5;3m +1ms[39m
[32m[Nest] 18584  - [39m26/03/2026, 8:17:09 a. m. [32m    LOG[39m [38;5;3m[RouterExplorer] [39m[32mMapped {/api/final-works, POST} (version: 1) route[39m[38;5;3m +1ms[39m
[32m[Nest] 18584  - [39m26/03/2026, 8:17:09 a. m. [32m    LOG[39m [38;5;3m[RouterExplorer] [39m[32mMapped {/api/final-works/:id, PUT} (version: 1) route[39m[38;5;3m +1ms[39m
[32m[Nest] 18584  - [39m26/03/2026, 8:17:09 a. m. [32m    LOG[39m [38;5;3m[RouterExplorer] [39m[32mMapped {/api/final-works/:id, DELETE} (version: 1) route[39m[38;5;3m +1ms[39m
[32m[Nest] 18584  - [39m26/03/2026, 8:17:09 a. m. [32m    LOG[39m [38;5;3m[RouterExplorer] [39m[32mMapped {/api/final-works/:id/soft-delete, PATCH} (version: 1) route[39m[38;5;3m +1ms[39m
[32m[Nest] 18584  - [39m26/03/2026, 8:17:09 a. m. [32m    LOG[39m [38;5;3m[RoutesResolver] [39m[32mIntellectualProductionsController {/api/intellectual-productions} (version: 1):[39m[38;5;3m +1ms[39m
[32m[Nest] 18584  - [39m26/03/2026, 8:17:09 a. m. [32m    LOG[39m [38;5;3m[RouterExplorer] [39m[32mMapped {/api/intellectual-productions, GET} (version: 1) route[39m[38;5;3m +4ms[39m
[32m[Nest] 18584  - [39m26/03/2026, 8:17:09 a. m. [32m    LOG[39m [38;5;3m[RouterExplorer] [39m[32mMapped {/api/intellectual-productions/count, GET} (version: 1) route[39m[38;5;3m +0ms[39m
[32m[Nest] 18584  - [39m26/03/2026, 8:17:09 a. m. [32m    LOG[39m [38;5;3m[RouterExplorer] [39m[32mMapped {/api/intellectual-productions/:id, GET} (version: 1) route[39m[38;5;3m +1ms[39m
[32m[Nest] 18584  - [39m26/03/2026, 8:17:09 a. m. [32m    LOG[39m [38;5;3m[RouterExplorer] [39m[32mMapped {/api/intellectual-productions, POST} (version: 1) route[39m[38;5;3m +1ms[39m
[32m[Nest] 18584  - [39m26/03/2026, 8:17:09 a. m. [32m    LOG[39m [38;5;3m[RouterExplorer] [39m[32mMapped {/api/intellectual-productions/:id, PUT} (version: 1) route[39m[38;5;3m +2ms[39m
[32m[Nest] 18584  - [39m26/03/2026, 8:17:09 a. m. [32m    LOG[39m [38;5;3m[RouterExplorer] [39m[32mMapped {/api/intellectual-productions/:id, DELETE} (version: 1) route[39m[38;5;3m +0ms[39m
[32m[Nest] 18584  - [39m26/03/2026, 8:17:09 a. m. [32m    LOG[39m [38;5;3m[RouterExplorer] [39m[32mMapped {/api/intellectual-productions/:id/soft-delete, PATCH} (version: 1) route[39m[38;5;3m +1ms[39m
[32m[Nest] 18584  - [39m26/03/2026, 8:17:09 a. m. [32m    LOG[39m [38;5;3m[RoutesResolver] [39m[32mObservationsController {/api/observations} (version: 1):[39m[38;5;3m +1ms[39m
[32m[Nest] 18584  - [39m26/03/2026, 8:17:09 a. m. [32m    LOG[39m [38;5;3m[RouterExplorer] [39m[32mMapped {/api/observations, GET} (version: 1) route[39m[38;5;3m +1ms[39m
[32m[Nest] 18584  - [39m26/03/2026, 8:17:09 a. m. [32m    LOG[39m [38;5;3m[RouterExplorer] [39m[32mMapped {/api/observations/count, GET} (version: 1) route[39m[38;5;3m +1ms[39m
[32m[Nest] 18584  - [39m26/03/2026, 8:17:09 a. m. [32m    LOG[39m [38;5;3m[RouterExplorer] [39m[32mMapped {/api/observations/:id, GET} (version: 1) route[39m[38;5;3m +1ms[39m
[32m[Nest] 18584  - [39m26/03/2026, 8:17:09 a. m. [32m    LOG[39m [38;5;3m[RouterExplorer] [39m[32mMapped {/api/observations, POST} (version: 1) route[39m[38;5;3m +1ms[39m
[32m[Nest] 18584  - [39m26/03/2026, 8:17:09 a. m. [32m    LOG[39m [38;5;3m[RouterExplorer] [39m[32mMapped {/api/observations/:id, PUT} (version: 1) route[39m[38;5;3m +1ms[39m
[32m[Nest] 18584  - [39m26/03/2026, 8:17:09 a. m. [32m    LOG[39m [38;5;3m[RouterExplorer] [39m[32mMapped {/api/observations/:id, DELETE} (version: 1) route[39m[38;5;3m +1ms[39m
[32m[Nest] 18584  - [39m26/03/2026, 8:17:09 a. m. [32m    LOG[39m [38;5;3m[RouterExplorer] [39m[32mMapped {/api/observations/:id/soft-delete, PATCH} (version: 1) route[39m[38;5;3m +1ms[39m
[32m[Nest] 18584  - [39m26/03/2026, 8:17:09 a. m. [32m    LOG[39m [38;5;3m[RoutesResolver] [39m[32mParametersController {/api/parameters} (version: 1):[39m[38;5;3m +1ms[39m
[32m[Nest] 18584  - [39m26/03/2026, 8:17:09 a. m. [32m    LOG[39m [38;5;3m[RouterExplorer] [39m[32mMapped {/api/parameters, GET} (version: 1) route[39m[38;5;3m +0ms[39m
[32m[Nest] 18584  - [39m26/03/2026, 8:17:09 a. m. [32m    LOG[39m [38;5;3m[RouterExplorer] [39m[32mMapped {/api/parameters/count, GET} (version: 1) route[39m[38;5;3m +1ms[39m
[32m[Nest] 18584  - [39m26/03/2026, 8:17:09 a. m. [32m    LOG[39m [38;5;3m[RouterExplorer] [39m[32mMapped {/api/parameters/:id, GET} (version: 1) route[39m[38;5;3m +1ms[39m
[32m[Nest] 18584  - [39m26/03/2026, 8:17:09 a. m. [32m    LOG[39m [38;5;3m[RouterExplorer] [39m[32mMapped {/api/parameters, POST} (version: 1) route[39m[38;5;3m +1ms[39m
[32m[Nest] 18584  - [39m26/03/2026, 8:17:09 a. m. [32m    LOG[39m [38;5;3m[RouterExplorer] [39m[32mMapped {/api/parameters/:id, PUT} (version: 1) route[39m[38;5;3m +1ms[39m
[32m[Nest] 18584  - [39m26/03/2026, 8:17:09 a. m. [32m    LOG[39m [38;5;3m[RouterExplorer] [39m[32mMapped {/api/parameters/:id, DELETE} (version: 1) route[39m[38;5;3m +1ms[39m
[32m[Nest] 18584  - [39m26/03/2026, 8:17:09 a. m. [32m    LOG[39m [38;5;3m[RouterExplorer] [39m[32mMapped {/api/parameters/:id/soft-delete, PATCH} (version: 1) route[39m[38;5;3m +1ms[39m
[32m[Nest] 18584  - [39m26/03/2026, 8:17:09 a. m. [32m    LOG[39m [38;5;3m[RoutesResolver] [39m[32mPpaasController {/api/ppaas} (version: 1):[39m[38;5;3m +1ms[39m
[32m[Nest] 18584  - [39m26/03/2026, 8:17:09 a. m. [32m    LOG[39m [38;5;3m[RouterExplorer] [39m[32mMapped {/api/ppaas, GET} (version: 1) route[39m[38;5;3m +1ms[39m
[32m[Nest] 18584  - [39m26/03/2026, 8:17:09 a. m. [32m    LOG[39m [38;5;3m[RouterExplorer] [39m[32mMapped {/api/ppaas/count, GET} (version: 1) route[39m[38;5;3m +0ms[39m
[32m[Nest] 18584  - [39m26/03/2026, 8:17:09 a. m. [32m    LOG[39m [38;5;3m[RouterExplorer] [39m[32mMapped {/api/ppaas/:id, GET} (version: 1) route[39m[38;5;3m +1ms[39m
[32m[Nest] 18584  - [39m26/03/2026, 8:17:09 a. m. [32m    LOG[39m [38;5;3m[RouterExplorer] [39m[32mMapped {/api/ppaas, POST} (version: 1) route[39m[38;5;3m +1ms[39m
[32m[Nest] 18584  - [39m26/03/2026, 8:17:09 a. m. [32m    LOG[39m [38;5;3m[RouterExplorer] [39m[32mMapped {/api/ppaas/:id, PUT} (version: 1) route[39m[38;5;3m +1ms[39m
[32m[Nest] 18584  - [39m26/03/2026, 8:17:09 a. m. [32m    LOG[39m [38;5;3m[RouterExplorer] [39m[32mMapped {/api/ppaas/:id, DELETE} (version: 1) route[39m[38;5;3m +1ms[39m
[32m[Nest] 18584  - [39m26/03/2026, 8:17:09 a. m. [32m    LOG[39m [38;5;3m[RouterExplorer] [39m[32mMapped {/api/ppaas/:id/soft-delete, PATCH} (version: 1) route[39m[38;5;3m +1ms[39m
[32m[Nest] 18584  - [39m26/03/2026, 8:17:09 a. m. [32m    LOG[39m [38;5;3m[RoutesResolver] [39m[32mProjectLogsController {/api/project-logs} (version: 1):[39m[38;5;3m +0ms[39m
[32m[Nest] 18584  - [39m26/03/2026, 8:17:09 a. m. [32m    LOG[39m [38;5;3m[RouterExplorer] [39m[32mMapped {/api/project-logs, GET} (version: 1) route[39m[38;5;3m +2ms[39m
[32m[Nest] 18584  - [39m26/03/2026, 8:17:09 a. m. [32m    LOG[39m [38;5;3m[RouterExplorer] [39m[32mMapped {/api/project-logs/count, GET} (version: 1) route[39m[38;5;3m +0ms[39m
[32m[Nest] 18584  - [39m26/03/2026, 8:17:09 a. m. [32m    LOG[39m [38;5;3m[RouterExplorer] [39m[32mMapped {/api/project-logs/:id, GET} (version: 1) route[39m[38;5;3m +1ms[39m
[32m[Nest] 18584  - [39m26/03/2026, 8:17:09 a. m. [32m    LOG[39m [38;5;3m[RouterExplorer] [39m[32mMapped {/api/project-logs, POST} (version: 1) route[39m[38;5;3m +1ms[39m
[32m[Nest] 18584  - [39m26/03/2026, 8:17:09 a. m. [32m    LOG[39m [38;5;3m[RouterExplorer] [39m[32mMapped {/api/project-logs/:id, PUT} (version: 1) route[39m[38;5;3m +2ms[39m
[32m[Nest] 18584  - [39m26/03/2026, 8:17:09 a. m. [32m    LOG[39m [38;5;3m[RouterExplorer] [39m[32mMapped {/api/project-logs/:id, DELETE} (version: 1) route[39m[38;5;3m +1ms[39m
[32m[Nest] 18584  - [39m26/03/2026, 8:17:09 a. m. [32m    LOG[39m [38;5;3m[RouterExplorer] [39m[32mMapped {/api/project-logs/:id/soft-delete, PATCH} (version: 1) route[39m[38;5;3m +1ms[39m
[32m[Nest] 18584  - [39m26/03/2026, 8:17:09 a. m. [32m    LOG[39m [38;5;3m[RoutesResolver] [39m[32mProjectReviewsController {/api/project-reviews} (version: 1):[39m[38;5;3m +1ms[39m
[32m[Nest] 18584  - [39m26/03/2026, 8:17:09 a. m. [32m    LOG[39m [38;5;3m[RouterExplorer] [39m[32mMapped {/api/project-reviews, GET} (version: 1) route[39m[38;5;3m +1ms[39m
[32m[Nest] 18584  - [39m26/03/2026, 8:17:09 a. m. [32m    LOG[39m [38;5;3m[RouterExplorer] [39m[32mMapped {/api/project-reviews/count, GET} (version: 1) route[39m[38;5;3m +2ms[39m
[32m[Nest] 18584  - [39m26/03/2026, 8:17:09 a. m. [32m    LOG[39m [38;5;3m[RouterExplorer] [39m[32mMapped {/api/project-reviews/:id, GET} (version: 1) route[39m[38;5;3m +1ms[39m
[32m[Nest] 18584  - [39m26/03/2026, 8:17:09 a. m. [32m    LOG[39m [38;5;3m[RouterExplorer] [39m[32mMapped {/api/project-reviews, POST} (version: 1) route[39m[38;5;3m +1ms[39m
[32m[Nest] 18584  - [39m26/03/2026, 8:17:09 a. m. [32m    LOG[39m [38;5;3m[RouterExplorer] [39m[32mMapped {/api/project-reviews/:id, PUT} (version: 1) route[39m[38;5;3m +1ms[39m
[32m[Nest] 18584  - [39m26/03/2026, 8:17:09 a. m. [32m    LOG[39m [38;5;3m[RouterExplorer] [39m[32mMapped {/api/project-reviews/:id, DELETE} (version: 1) route[39m[38;5;3m +1ms[39m
[32m[Nest] 18584  - [39m26/03/2026, 8:17:09 a. m. [32m    LOG[39m [38;5;3m[RouterExplorer] [39m[32mMapped {/api/project-reviews/:id/soft-delete, PATCH} (version: 1) route[39m[38;5;3m +1ms[39m
[32m[Nest] 18584  - [39m26/03/2026, 8:17:09 a. m. [32m    LOG[39m [38;5;3m[RoutesResolver] [39m[32mProjectsController {/api/projects} (version: 1):[39m[38;5;3m +1ms[39m
[32m[Nest] 18584  - [39m26/03/2026, 8:17:09 a. m. [32m    LOG[39m [38;5;3m[RouterExplorer] [39m[32mMapped {/api/projects, GET} (version: 1) route[39m[38;5;3m +1ms[39m
[32m[Nest] 18584  - [39m26/03/2026, 8:17:09 a. m. [32m    LOG[39m [38;5;3m[RouterExplorer] [39m[32mMapped {/api/projects/count, GET} (version: 1) route[39m[38;5;3m +0ms[39m
[32m[Nest] 18584  - [39m26/03/2026, 8:17:09 a. m. [32m    LOG[39m [38;5;3m[RouterExplorer] [39m[32mMapped {/api/projects/:id, GET} (version: 1) route[39m[38;5;3m +2ms[39m
[32m[Nest] 18584  - [39m26/03/2026, 8:17:09 a. m. [32m    LOG[39m [38;5;3m[RouterExplorer] [39m[32mMapped {/api/projects, POST} (version: 1) route[39m[38;5;3m +1ms[39m
[32m[Nest] 18584  - [39m26/03/2026, 8:17:09 a. m. [32m    LOG[39m [38;5;3m[RouterExplorer] [39m[32mMapped {/api/projects/:id, PUT} (version: 1) route[39m[38;5;3m +2ms[39m
[32m[Nest] 18584  - [39m26/03/2026, 8:17:09 a. m. [32m    LOG[39m [38;5;3m[RouterExplorer] [39m[32mMapped {/api/projects/:id, DELETE} (version: 1) route[39m[38;5;3m +0ms[39m
[32m[Nest] 18584  - [39m26/03/2026, 8:17:09 a. m. [32m    LOG[39m [38;5;3m[RouterExplorer] [39m[32mMapped {/api/projects/:id/soft-delete, PATCH} (version: 1) route[39m[38;5;3m +1ms[39m
[32m[Nest] 18584  - [39m26/03/2026, 8:17:09 a. m. [32m    LOG[39m [38;5;3m[RoutesResolver] [39m[32mQuestionGroupsController {/api/question-groups} (version: 1):[39m[38;5;3m +1ms[39m
[32m[Nest] 18584  - [39m26/03/2026, 8:17:09 a. m. [32m    LOG[39m [38;5;3m[RouterExplorer] [39m[32mMapped {/api/question-groups/step/:stepNumber, GET} (version: 1) route[39m[38;5;3m +1ms[39m
[32m[Nest] 18584  - [39m26/03/2026, 8:17:09 a. m. [32m    LOG[39m [38;5;3m[RouterExplorer] [39m[32mMapped {/api/question-groups/step/:stepNumber/with-questions, GET} (version: 1) route[39m[38;5;3m +1ms[39m
[32m[Nest] 18584  - [39m26/03/2026, 8:17:09 a. m. [32m    LOG[39m [38;5;3m[RouterExplorer] [39m[32mMapped {/api/question-groups, GET} (version: 1) route[39m[38;5;3m +1ms[39m
[32m[Nest] 18584  - [39m26/03/2026, 8:17:09 a. m. [32m    LOG[39m [38;5;3m[RouterExplorer] [39m[32mMapped {/api/question-groups/count, GET} (version: 1) route[39m[38;5;3m +1ms[39m
[32m[Nest] 18584  - [39m26/03/2026, 8:17:09 a. m. [32m    LOG[39m [38;5;3m[RouterExplorer] [39m[32mMapped {/api/question-groups/:id, GET} (version: 1) route[39m[38;5;3m +1ms[39m
[32m[Nest] 18584  - [39m26/03/2026, 8:17:09 a. m. [32m    LOG[39m [38;5;3m[RouterExplorer] [39m[32mMapped {/api/question-groups, POST} (version: 1) route[39m[38;5;3m +1ms[39m
[32m[Nest] 18584  - [39m26/03/2026, 8:17:09 a. m. [32m    LOG[39m [38;5;3m[RouterExplorer] [39m[32mMapped {/api/question-groups/:id, PUT} (version: 1) route[39m[38;5;3m +1ms[39m
[32m[Nest] 18584  - [39m26/03/2026, 8:17:09 a. m. [32m    LOG[39m [38;5;3m[RouterExplorer] [39m[32mMapped {/api/question-groups/:id, DELETE} (version: 1) route[39m[38;5;3m +1ms[39m
[32m[Nest] 18584  - [39m26/03/2026, 8:17:09 a. m. [32m    LOG[39m [38;5;3m[RouterExplorer] [39m[32mMapped {/api/question-groups/:id/soft-delete, PATCH} (version: 1) route[39m[38;5;3m +1ms[39m
[32m[Nest] 18584  - [39m26/03/2026, 8:17:09 a. m. [32m    LOG[39m [38;5;3m[RoutesResolver] [39m[32mQuestionsController {/api/questions} (version: 1):[39m[38;5;3m +7ms[39m
[32m[Nest] 18584  - [39m26/03/2026, 8:17:09 a. m. [32m    LOG[39m [38;5;3m[RouterExplorer] [39m[32mMapped {/api/questions/step/:stepNumber, GET} (version: 1) route[39m[38;5;3m +1ms[39m
[32m[Nest] 18584  - [39m26/03/2026, 8:17:09 a. m. [32m    LOG[39m [38;5;3m[RouterExplorer] [39m[32mMapped {/api/questions/step/:stepNumber/groups, GET} (version: 1) route[39m[38;5;3m +1ms[39m
[32m[Nest] 18584  - [39m26/03/2026, 8:17:09 a. m. [32m    LOG[39m [38;5;3m[RouterExplorer] [39m[32mMapped {/api/questions, POST} (version: 1) route[39m[38;5;3m +2ms[39m
[32m[Nest] 18584  - [39m26/03/2026, 8:17:09 a. m. [32m    LOG[39m [38;5;3m[RouterExplorer] [39m[32mMapped {/api/questions/:id, DELETE} (version: 1) route[39m[38;5;3m +1ms[39m
[32m[Nest] 18584  - [39m26/03/2026, 8:17:09 a. m. [32m    LOG[39m [38;5;3m[RouterExplorer] [39m[32mMapped {/api/questions, GET} (version: 1) route[39m[38;5;3m +5ms[39m
[32m[Nest] 18584  - [39m26/03/2026, 8:17:09 a. m. [32m    LOG[39m [38;5;3m[RouterExplorer] [39m[32mMapped {/api/questions/count, GET} (version: 1) route[39m[38;5;3m +2ms[39m
[32m[Nest] 18584  - [39m26/03/2026, 8:17:09 a. m. [32m    LOG[39m [38;5;3m[RouterExplorer] [39m[32mMapped {/api/questions/:id, GET} (version: 1) route[39m[38;5;3m +1ms[39m
[32m[Nest] 18584  - [39m26/03/2026, 8:17:09 a. m. [32m    LOG[39m [38;5;3m[RouterExplorer] [39m[32mMapped {/api/questions/:id, PUT} (version: 1) route[39m[38;5;3m +5ms[39m
[32m[Nest] 18584  - [39m26/03/2026, 8:17:09 a. m. [32m    LOG[39m [38;5;3m[RouterExplorer] [39m[32mMapped {/api/questions/:id/soft-delete, PATCH} (version: 1) route[39m[38;5;3m +6ms[39m
[32m[Nest] 18584  - [39m26/03/2026, 8:17:09 a. m. [32m    LOG[39m [38;5;3m[RoutesResolver] [39m[32mRegionalCentersController {/api/regional-centers} (version: 1):[39m[38;5;3m +1ms[39m
[32m[Nest] 18584  - [39m26/03/2026, 8:17:09 a. m. [32m    LOG[39m [38;5;3m[RouterExplorer] [39m[32mMapped {/api/regional-centers, GET} (version: 1) route[39m[38;5;3m +1ms[39m
[32m[Nest] 18584  - [39m26/03/2026, 8:17:09 a. m. [32m    LOG[39m [38;5;3m[RouterExplorer] [39m[32mMapped {/api/regional-centers/campus/:campusId, GET} (version: 1) route[39m[38;5;3m +4ms[39m
[32m[Nest] 18584  - [39m26/03/2026, 8:17:09 a. m. [32m    LOG[39m [38;5;3m[RouterExplorer] [39m[32mMapped {/api/regional-centers/count, GET} (version: 1) route[39m[38;5;3m +2ms[39m
[32m[Nest] 18584  - [39m26/03/2026, 8:17:09 a. m. [32m    LOG[39m [38;5;3m[RouterExplorer] [39m[32mMapped {/api/regional-centers/:id, GET} (version: 1) route[39m[38;5;3m +1ms[39m
[32m[Nest] 18584  - [39m26/03/2026, 8:17:09 a. m. [32m    LOG[39m [38;5;3m[RouterExplorer] [39m[32mMapped {/api/regional-centers, POST} (version: 1) route[39m[38;5;3m +1ms[39m
[32m[Nest] 18584  - [39m26/03/2026, 8:17:09 a. m. [32m    LOG[39m [38;5;3m[RouterExplorer] [39m[32mMapped {/api/regional-centers/:id, PUT} (version: 1) route[39m[38;5;3m +1ms[39m
[32m[Nest] 18584  - [39m26/03/2026, 8:17:09 a. m. [32m    LOG[39m [38;5;3m[RouterExplorer] [39m[32mMapped {/api/regional-centers/:id, DELETE} (version: 1) route[39m[38;5;3m +1ms[39m
[32m[Nest] 18584  - [39m26/03/2026, 8:17:09 a. m. [32m    LOG[39m [38;5;3m[RouterExplorer] [39m[32mMapped {/api/regional-centers/:id/soft-delete, PATCH} (version: 1) route[39m[38;5;3m +1ms[39m
[32m[Nest] 18584  - [39m26/03/2026, 8:17:09 a. m. [32m    LOG[39m [38;5;3m[RoutesResolver] [39m[32mSchedulesController {/api/schedules} (version: 1):[39m[38;5;3m +1ms[39m
[32m[Nest] 18584  - [39m26/03/2026, 8:17:09 a. m. [32m    LOG[39m [38;5;3m[RouterExplorer] [39m[32mMapped {/api/schedules, GET} (version: 1) route[39m[38;5;3m +2ms[39m
[32m[Nest] 18584  - [39m26/03/2026, 8:17:09 a. m. [32m    LOG[39m [38;5;3m[RouterExplorer] [39m[32mMapped {/api/schedules/count, GET} (version: 1) route[39m[38;5;3m +2ms[39m
[32m[Nest] 18584  - [39m26/03/2026, 8:17:09 a. m. [32m    LOG[39m [38;5;3m[RouterExplorer] [39m[32mMapped {/api/schedules/:id, GET} (version: 1) route[39m[38;5;3m +1ms[39m
[32m[Nest] 18584  - [39m26/03/2026, 8:17:09 a. m. [32m    LOG[39m [38;5;3m[RouterExplorer] [39m[32mMapped {/api/schedules, POST} (version: 1) route[39m[38;5;3m +1ms[39m
[32m[Nest] 18584  - [39m26/03/2026, 8:17:09 a. m. [32m    LOG[39m [38;5;3m[RouterExplorer] [39m[32mMapped {/api/schedules/:id, PUT} (version: 1) route[39m[38;5;3m +4ms[39m
[32m[Nest] 18584  - [39m26/03/2026, 8:17:09 a. m. [32m    LOG[39m [38;5;3m[RouterExplorer] [39m[32mMapped {/api/schedules/:id, DELETE} (version: 1) route[39m[38;5;3m +12ms[39m
[32m[Nest] 18584  - [39m26/03/2026, 8:17:09 a. m. [32m    LOG[39m [38;5;3m[RouterExplorer] [39m[32mMapped {/api/schedules/:id/soft-delete, PATCH} (version: 1) route[39m[38;5;3m +2ms[39m
[32m[Nest] 18584  - [39m26/03/2026, 8:17:09 a. m. [32m    LOG[39m [38;5;3m[RoutesResolver] [39m[32mSchoolsController {/api/schools} (version: 1):[39m[38;5;3m +1ms[39m
[32m[Nest] 18584  - [39m26/03/2026, 8:17:09 a. m. [32m    LOG[39m [38;5;3m[RouterExplorer] [39m[32mMapped {/api/schools, GET} (version: 1) route[39m[38;5;3m +1ms[39m
[32m[Nest] 18584  - [39m26/03/2026, 8:17:09 a. m. [32m    LOG[39m [38;5;3m[RouterExplorer] [39m[32mMapped {/api/schools/count, GET} (version: 1) route[39m[38;5;3m +3ms[39m
[32m[Nest] 18584  - [39m26/03/2026, 8:17:09 a. m. [32m    LOG[39m [38;5;3m[RouterExplorer] [39m[32mMapped {/api/schools/:id, GET} (version: 1) route[39m[38;5;3m +1ms[39m
[32m[Nest] 18584  - [39m26/03/2026, 8:17:09 a. m. [32m    LOG[39m [38;5;3m[RouterExplorer] [39m[32mMapped {/api/schools, POST} (version: 1) route[39m[38;5;3m +1ms[39m
[32m[Nest] 18584  - [39m26/03/2026, 8:17:09 a. m. [32m    LOG[39m [38;5;3m[RouterExplorer] [39m[32mMapped {/api/schools/:id, PUT} (version: 1) route[39m[38;5;3m +7ms[39m
[32m[Nest] 18584  - [39m26/03/2026, 8:17:09 a. m. [32m    LOG[39m [38;5;3m[RouterExplorer] [39m[32mMapped {/api/schools/:id, DELETE} (version: 1) route[39m[38;5;3m +1ms[39m
[32m[Nest] 18584  - [39m26/03/2026, 8:17:09 a. m. [32m    LOG[39m [38;5;3m[RouterExplorer] [39m[32mMapped {/api/schools/:id/soft-delete, PATCH} (version: 1) route[39m[38;5;3m +1ms[39m
[32m[Nest] 18584  - [39m26/03/2026, 8:17:09 a. m. [32m    LOG[39m [38;5;3m[RoutesResolver] [39m[32mUserLanguagesController {/api/user-languages} (version: 1):[39m[38;5;3m +2ms[39m
[32m[Nest] 18584  - [39m26/03/2026, 8:17:09 a. m. [32m    LOG[39m [38;5;3m[RouterExplorer] [39m[32mMapped {/api/user-languages, GET} (version: 1) route[39m[38;5;3m +2ms[39m
[32m[Nest] 18584  - [39m26/03/2026, 8:17:09 a. m. [32m    LOG[39m [38;5;3m[RouterExplorer] [39m[32mMapped {/api/user-languages/count, GET} (version: 1) route[39m[38;5;3m +1ms[39m
[32m[Nest] 18584  - [39m26/03/2026, 8:17:09 a. m. [32m    LOG[39m [38;5;3m[RouterExplorer] [39m[32mMapped {/api/user-languages/:id, GET} (version: 1) route[39m[38;5;3m +2ms[39m
[32m[Nest] 18584  - [39m26/03/2026, 8:17:09 a. m. [32m    LOG[39m [38;5;3m[RouterExplorer] [39m[32mMapped {/api/user-languages, POST} (version: 1) route[39m[38;5;3m +1ms[39m
[32m[Nest] 18584  - [39m26/03/2026, 8:17:09 a. m. [32m    LOG[39m [38;5;3m[RouterExplorer] [39m[32mMapped {/api/user-languages/:id, PUT} (version: 1) route[39m[38;5;3m +2ms[39m
[32m[Nest] 18584  - [39m26/03/2026, 8:17:09 a. m. [32m    LOG[39m [38;5;3m[RouterExplorer] [39m[32mMapped {/api/user-languages/:id, DELETE} (version: 1) route[39m[38;5;3m +6ms[39m
[32m[Nest] 18584  - [39m26/03/2026, 8:17:09 a. m. [32m    LOG[39m [38;5;3m[RouterExplorer] [39m[32mMapped {/api/user-languages/:id/soft-delete, PATCH} (version: 1) route[39m[38;5;3m +14ms[39m
[32m[Nest] 18584  - [39m26/03/2026, 8:17:09 a. m. [32m    LOG[39m [38;5;3m[RoutesResolver] [39m[32mUserPermissionsController {/api/user-permissions} (version: 1):[39m[38;5;3m +1ms[39m
[32m[Nest] 18584  - [39m26/03/2026, 8:17:09 a. m. [32m    LOG[39m [38;5;3m[RouterExplorer] [39m[32mMapped {/api/user-permissions, POST} (version: 1) route[39m[38;5;3m +11ms[39m
[32m[Nest] 18584  - [39m26/03/2026, 8:17:09 a. m. [32m    LOG[39m [38;5;3m[RouterExplorer] [39m[32mMapped {/api/user-permissions/:id, DELETE} (version: 1) route[39m[38;5;3m +1ms[39m
[32m[Nest] 18584  - [39m26/03/2026, 8:17:09 a. m. [32m    LOG[39m [38;5;3m[RouterExplorer] [39m[32mMapped {/api/user-permissions/:id/switch-status, PATCH} (version: 1) route[39m[38;5;3m +5ms[39m
[32m[Nest] 18584  - [39m26/03/2026, 8:17:09 a. m. [32m    LOG[39m [38;5;3m[RouterExplorer] [39m[32mMapped {/api/user-permissions, GET} (version: 1) route[39m[38;5;3m +2ms[39m
[32m[Nest] 18584  - [39m26/03/2026, 8:17:09 a. m. [32m    LOG[39m [38;5;3m[RouterExplorer] [39m[32mMapped {/api/user-permissions/count, GET} (version: 1) route[39m[38;5;3m +1ms[39m
[32m[Nest] 18584  - [39m26/03/2026, 8:17:09 a. m. [32m    LOG[39m [38;5;3m[RouterExplorer] [39m[32mMapped {/api/user-permissions/:id, GET} (version: 1) route[39m[38;5;3m +1ms[39m
[32m[Nest] 18584  - [39m26/03/2026, 8:17:09 a. m. [32m    LOG[39m [38;5;3m[RouterExplorer] [39m[32mMapped {/api/user-permissions/:id, PUT} (version: 1) route[39m[38;5;3m +17ms[39m
[32m[Nest] 18584  - [39m26/03/2026, 8:17:09 a. m. [32m    LOG[39m [38;5;3m[RouterExplorer] [39m[32mMapped {/api/user-permissions/:id/soft-delete, PATCH} (version: 1) route[39m[38;5;3m +1ms[39m
[32m[Nest] 18584  - [39m26/03/2026, 8:17:09 a. m. [32m    LOG[39m [38;5;3m[RoutesResolver] [39m[32mUserRolesController {/api/user-roles} (version: 1):[39m[38;5;3m +4ms[39m
[32m[Nest] 18584  - [39m26/03/2026, 8:17:09 a. m. [32m    LOG[39m [38;5;3m[RouterExplorer] [39m[32mMapped {/api/user-roles/roles-permissions/:roleId, GET} (version: 1) route[39m[38;5;3m +4ms[39m
[32m[Nest] 18584  - [39m26/03/2026, 8:17:09 a. m. [32m    LOG[39m [38;5;3m[RouterExplorer] [39m[32mMapped {/api/user-roles/permissions, GET} (version: 1) route[39m[38;5;3m +4ms[39m
[32m[Nest] 18584  - [39m26/03/2026, 8:17:09 a. m. [32m    LOG[39m [38;5;3m[RouterExplorer] [39m[32mMapped {/api/user-roles/:roleId/permissions, PATCH} (version: 1) route[39m[38;5;3m +2ms[39m
[32m[Nest] 18584  - [39m26/03/2026, 8:17:09 a. m. [32m    LOG[39m [38;5;3m[RouterExplorer] [39m[32mMapped {/api/user-roles, GET} (version: 1) route[39m[38;5;3m +38ms[39m
[32m[Nest] 18584  - [39m26/03/2026, 8:17:09 a. m. [32m    LOG[39m [38;5;3m[RouterExplorer] [39m[32mMapped {/api/user-roles/count, GET} (version: 1) route[39m[38;5;3m +3ms[39m
[32m[Nest] 18584  - [39m26/03/2026, 8:17:09 a. m. [32m    LOG[39m [38;5;3m[RouterExplorer] [39m[32mMapped {/api/user-roles/:id, GET} (version: 1) route[39m[38;5;3m +1ms[39m
[32m[Nest] 18584  - [39m26/03/2026, 8:17:09 a. m. [32m    LOG[39m [38;5;3m[RouterExplorer] [39m[32mMapped {/api/user-roles, POST} (version: 1) route[39m[38;5;3m +1ms[39m
[32m[Nest] 18584  - [39m26/03/2026, 8:17:09 a. m. [32m    LOG[39m [38;5;3m[RouterExplorer] [39m[32mMapped {/api/user-roles/:id, PUT} (version: 1) route[39m[38;5;3m +2ms[39m
[32m[Nest] 18584  - [39m26/03/2026, 8:17:09 a. m. [32m    LOG[39m [38;5;3m[RouterExplorer] [39m[32mMapped {/api/user-roles/:id, DELETE} (version: 1) route[39m[38;5;3m +6ms[39m
[32m[Nest] 18584  - [39m26/03/2026, 8:17:09 a. m. [32m    LOG[39m [38;5;3m[RouterExplorer] [39m[32mMapped {/api/user-roles/:id/soft-delete, PATCH} (version: 1) route[39m[38;5;3m +1ms[39m
[32m[Nest] 18584  - [39m26/03/2026, 8:17:09 a. m. [32m    LOG[39m [38;5;3m[RoutesResolver] [39m[32mUserWorkExperiencesController {/api/user-work-experiences} (version: 1):[39m[38;5;3m +1ms[39m
[32m[Nest] 18584  - [39m26/03/2026, 8:17:09 a. m. [32m    LOG[39m [38;5;3m[RouterExplorer] [39m[32mMapped {/api/user-work-experiences, GET} (version: 1) route[39m[38;5;3m +1ms[39m
[32m[Nest] 18584  - [39m26/03/2026, 8:17:09 a. m. [32m    LOG[39m [38;5;3m[RouterExplorer] [39m[32mMapped {/api/user-work-experiences/count, GET} (version: 1) route[39m[38;5;3m +6ms[39m
[32m[Nest] 18584  - [39m26/03/2026, 8:17:09 a. m. [32m    LOG[39m [38;5;3m[RouterExplorer] [39m[32mMapped {/api/user-work-experiences/:id, GET} (version: 1) route[39m[38;5;3m +2ms[39m
[32m[Nest] 18584  - [39m26/03/2026, 8:17:09 a. m. [32m    LOG[39m [38;5;3m[RouterExplorer] [39m[32mMapped {/api/user-work-experiences, POST} (version: 1) route[39m[38;5;3m +5ms[39m
[32m[Nest] 18584  - [39m26/03/2026, 8:17:09 a. m. [32m    LOG[39m [38;5;3m[RouterExplorer] [39m[32mMapped {/api/user-work-experiences/:id, PUT} (version: 1) route[39m[38;5;3m +1ms[39m
[32m[Nest] 18584  - [39m26/03/2026, 8:17:09 a. m. [32m    LOG[39m [38;5;3m[RouterExplorer] [39m[32mMapped {/api/user-work-experiences/:id, DELETE} (version: 1) route[39m[38;5;3m +1ms[39m
[32m[Nest] 18584  - [39m26/03/2026, 8:17:09 a. m. [32m    LOG[39m [38;5;3m[RouterExplorer] [39m[32mMapped {/api/user-work-experiences/:id/soft-delete, PATCH} (version: 1) route[39m[38;5;3m +1ms[39m
[32m[Nest] 18584  - [39m26/03/2026, 8:17:09 a. m. [32m    LOG[39m [38;5;3m[RoutesResolver] [39m[32mUsersController {/api/users} (version: 1):[39m[38;5;3m +0ms[39m
[32m[Nest] 18584  - [39m26/03/2026, 8:17:09 a. m. [32m    LOG[39m [38;5;3m[RouterExplorer] [39m[32mMapped {/api/users/:id/profile, PATCH} (version: 1) route[39m[38;5;3m +2ms[39m
[32m[Nest] 18584  - [39m26/03/2026, 8:17:09 a. m. [32m    LOG[39m [38;5;3m[RouterExplorer] [39m[32mMapped {/api/users/by-role/:roleName, GET} (version: 1) route[39m[38;5;3m +1ms[39m
[32m[Nest] 18584  - [39m26/03/2026, 8:17:09 a. m. [32m    LOG[39m [38;5;3m[RouterExplorer] [39m[32mMapped {/api/users/me/roles/active, GET} (version: 1) route[39m[38;5;3m +5ms[39m
[32m[Nest] 18584  - [39m26/03/2026, 8:17:09 a. m. [32m    LOG[39m [38;5;3m[RouterExplorer] [39m[32mMapped {/api/users/me, GET} (version: 1) route[39m[38;5;3m +1ms[39m
[32m[Nest] 18584  - [39m26/03/2026, 8:17:09 a. m. [32m    LOG[39m [38;5;3m[RouterExplorer] [39m[32mMapped {/api/users/me, PATCH} (version: 1) route[39m[38;5;3m +1ms[39m
[32m[Nest] 18584  - [39m26/03/2026, 8:17:09 a. m. [32m    LOG[39m [38;5;3m[RouterExplorer] [39m[32mMapped {/api/users/:id/roles, GET} (version: 1) route[39m[38;5;3m +1ms[39m
[32m[Nest] 18584  - [39m26/03/2026, 8:17:09 a. m. [32m    LOG[39m [38;5;3m[RouterExplorer] [39m[32mMapped {/api/users/:id/roles-debug, GET} (version: 1) route[39m[38;5;3m +1ms[39m
[32m[Nest] 18584  - [39m26/03/2026, 8:17:09 a. m. [32m    LOG[39m [38;5;3m[RouterExplorer] [39m[32mMapped {/api/users/all-roles, GET} (version: 1) route[39m[38;5;3m +2ms[39m
[32m[Nest] 18584  - [39m26/03/2026, 8:17:09 a. m. [32m    LOG[39m [38;5;3m[RouterExplorer] [39m[32mMapped {/api/users/:id/roles, PATCH} (version: 1) route[39m[38;5;3m +2ms[39m
[32m[Nest] 18584  - [39m26/03/2026, 8:17:09 a. m. [32m    LOG[39m [38;5;3m[RouterExplorer] [39m[32mMapped {/api/users/:id/status, PATCH} (version: 1) route[39m[38;5;3m +2ms[39m
[32m[Nest] 18584  - [39m26/03/2026, 8:17:09 a. m. [32m    LOG[39m [38;5;3m[RouterExplorer] [39m[32mMapped {/api/users/bulk-import/professors, POST} (version: 1) route[39m[38;5;3m +1ms[39m
[32m[Nest] 18584  - [39m26/03/2026, 8:17:09 a. m. [32m    LOG[39m [38;5;3m[RouterExplorer] [39m[32mMapped {/api/users, GET} (version: 1) route[39m[38;5;3m +2ms[39m
[32m[Nest] 18584  - [39m26/03/2026, 8:17:09 a. m. [32m    LOG[39m [38;5;3m[RouterExplorer] [39m[32mMapped {/api/users/count, GET} (version: 1) route[39m[38;5;3m +1ms[39m
[32m[Nest] 18584  - [39m26/03/2026, 8:17:09 a. m. [32m    LOG[39m [38;5;3m[RouterExplorer] [39m[32mMapped {/api/users/:id, GET} (version: 1) route[39m[38;5;3m +1ms[39m
[32m[Nest] 18584  - [39m26/03/2026, 8:17:09 a. m. [32m    LOG[39m [38;5;3m[RouterExplorer] [39m[32mMapped {/api/users, POST} (version: 1) route[39m[38;5;3m +1ms[39m
[32m[Nest] 18584  - [39m26/03/2026, 8:17:09 a. m. [32m    LOG[39m [38;5;3m[RouterExplorer] [39m[32mMapped {/api/users/:id, PUT} (version: 1) route[39m[38;5;3m +1ms[39m
[32m[Nest] 18584  - [39m26/03/2026, 8:17:09 a. m. [32m    LOG[39m [38;5;3m[RouterExplorer] [39m[32mMapped {/api/users/:id, DELETE} (version: 1) route[39m[38;5;3m +1ms[39m
[32m[Nest] 18584  - [39m26/03/2026, 8:17:09 a. m. [32m    LOG[39m [38;5;3m[RouterExplorer] [39m[32mMapped {/api/users/:id/soft-delete, PATCH} (version: 1) route[39m[38;5;3m +2ms[39m
[32m[Nest] 18584  - [39m26/03/2026, 8:17:09 a. m. [32m    LOG[39m [38;5;3m[RoutesResolver] [39m[32mProfessorAssignmentsController {/api/professor-assignments} (version: 1):[39m[38;5;3m +1ms[39m
[32m[Nest] 18584  - [39m26/03/2026, 8:17:09 a. m. [32m    LOG[39m [38;5;3m[RouterExplorer] [39m[32mMapped {/api/professor-assignments, GET} (version: 1) route[39m[38;5;3m +1ms[39m
[32m[Nest] 18584  - [39m26/03/2026, 8:17:09 a. m. [32m    LOG[39m [38;5;3m[RouterExplorer] [39m[32mMapped {/api/professor-assignments/count, GET} (version: 1) route[39m[38;5;3m +2ms[39m
[32m[Nest] 18584  - [39m26/03/2026, 8:17:09 a. m. [32m    LOG[39m [38;5;3m[RouterExplorer] [39m[32mMapped {/api/professor-assignments/:id, GET} (version: 1) route[39m[38;5;3m +1ms[39m
[32m[Nest] 18584  - [39m26/03/2026, 8:17:09 a. m. [32m    LOG[39m [38;5;3m[RouterExplorer] [39m[32mMapped {/api/professor-assignments, POST} (version: 1) route[39m[38;5;3m +2ms[39m
[32m[Nest] 18584  - [39m26/03/2026, 8:17:09 a. m. [32m    LOG[39m [38;5;3m[RouterExplorer] [39m[32mMapped {/api/professor-assignments/:id, PUT} (version: 1) route[39m[38;5;3m +1ms[39m
[32m[Nest] 18584  - [39m26/03/2026, 8:17:09 a. m. [32m    LOG[39m [38;5;3m[RouterExplorer] [39m[32mMapped {/api/professor-assignments/:id, DELETE} (version: 1) route[39m[38;5;3m +14ms[39m
[32m[Nest] 18584  - [39m26/03/2026, 8:17:09 a. m. [32m    LOG[39m [38;5;3m[RouterExplorer] [39m[32mMapped {/api/professor-assignments/:id/soft-delete, PATCH} (version: 1) route[39m[38;5;3m +1ms[39m
[32m[Nest] 18584  - [39m26/03/2026, 8:17:09 a. m. [32m    LOG[39m [38;5;3m[RoutesResolver] [39m[32mDimensionsController {/api/dimensions} (version: 1):[39m[38;5;3m +1ms[39m
[32m[Nest] 18584  - [39m26/03/2026, 8:17:09 a. m. [32m    LOG[39m [38;5;3m[RouterExplorer] [39m[32mMapped {/api/dimensions, GET} (version: 1) route[39m[38;5;3m +1ms[39m
[32m[Nest] 18584  - [39m26/03/2026, 8:17:09 a. m. [32m    LOG[39m [38;5;3m[RouterExplorer] [39m[32mMapped {/api/dimensions/count, GET} (version: 1) route[39m[38;5;3m +2ms[39m
[32m[Nest] 18584  - [39m26/03/2026, 8:17:09 a. m. [32m    LOG[39m [38;5;3m[RouterExplorer] [39m[32mMapped {/api/dimensions/:id, GET} (version: 1) route[39m[38;5;3m +2ms[39m
[32m[Nest] 18584  - [39m26/03/2026, 8:17:09 a. m. [32m    LOG[39m [38;5;3m[RouterExplorer] [39m[32mMapped {/api/dimensions, POST} (version: 1) route[39m[38;5;3m +1ms[39m
[32m[Nest] 18584  - [39m26/03/2026, 8:17:09 a. m. [32m    LOG[39m [38;5;3m[RouterExplorer] [39m[32mMapped {/api/dimensions/:id, PUT} (version: 1) route[39m[38;5;3m +2ms[39m
[32m[Nest] 18584  - [39m26/03/2026, 8:17:09 a. m. [32m    LOG[39m [38;5;3m[RouterExplorer] [39m[32mMapped {/api/dimensions/:id, DELETE} (version: 1) route[39m[38;5;3m +5ms[39m
[32m[Nest] 18584  - [39m26/03/2026, 8:17:09 a. m. [32m    LOG[39m [38;5;3m[RouterExplorer] [39m[32mMapped {/api/dimensions/:id/soft-delete, PATCH} (version: 1) route[39m[38;5;3m +4ms[39m
[32m[Nest] 18584  - [39m26/03/2026, 8:17:09 a. m. [32m    LOG[39m [38;5;3m[RoutesResolver] [39m[32mComponentsController {/api/components} (version: 1):[39m[38;5;3m +1ms[39m
[32m[Nest] 18584  - [39m26/03/2026, 8:17:09 a. m. [32m    LOG[39m [38;5;3m[RouterExplorer] [39m[32mMapped {/api/components, GET} (version: 1) route[39m[38;5;3m +2ms[39m
[32m[Nest] 18584  - [39m26/03/2026, 8:17:09 a. m. [32m    LOG[39m [38;5;3m[RouterExplorer] [39m[32mMapped {/api/components/count, GET} (version: 1) route[39m[38;5;3m +2ms[39m
[32m[Nest] 18584  - [39m26/03/2026, 8:17:09 a. m. [32m    LOG[39m [38;5;3m[RouterExplorer] [39m[32mMapped {/api/components/:id, GET} (version: 1) route[39m[38;5;3m +2ms[39m
[32m[Nest] 18584  - [39m26/03/2026, 8:17:09 a. m. [32m    LOG[39m [38;5;3m[RouterExplorer] [39m[32mMapped {/api/components, POST} (version: 1) route[39m[38;5;3m +5ms[39m
[32m[Nest] 18584  - [39m26/03/2026, 8:17:09 a. m. [32m    LOG[39m [38;5;3m[RouterExplorer] [39m[32mMapped {/api/components/:id, PUT} (version: 1) route[39m[38;5;3m +6ms[39m
[32m[Nest] 18584  - [39m26/03/2026, 8:17:09 a. m. [32m    LOG[39m [38;5;3m[RouterExplorer] [39m[32mMapped {/api/components/:id, DELETE} (version: 1) route[39m[38;5;3m +4ms[39m
[32m[Nest] 18584  - [39m26/03/2026, 8:17:09 a. m. [32m    LOG[39m [38;5;3m[RouterExplorer] [39m[32mMapped {/api/components/:id/soft-delete, PATCH} (version: 1) route[39m[38;5;3m +10ms[39m
[32m[Nest] 18584  - [39m26/03/2026, 8:17:09 a. m. [32m    LOG[39m [38;5;3m[RoutesResolver] [39m[32mCriteriaController {/api/criteria} (version: 1):[39m[38;5;3m +4ms[39m
[32m[Nest] 18584  - [39m26/03/2026, 8:17:09 a. m. [32m    LOG[39m [38;5;3m[RouterExplorer] [39m[32mMapped {/api/criteria/by-component/:componentId, GET} (version: 1) route[39m[38;5;3m +1ms[39m
[32m[Nest] 18584  - [39m26/03/2026, 8:17:09 a. m. [32m    LOG[39m [38;5;3m[RouterExplorer] [39m[32mMapped {/api/criteria, GET} (version: 1) route[39m[38;5;3m +3ms[39m
[32m[Nest] 18584  - [39m26/03/2026, 8:17:09 a. m. [32m    LOG[39m [38;5;3m[RouterExplorer] [39m[32mMapped {/api/criteria/count, GET} (version: 1) route[39m[38;5;3m +2ms[39m
[32m[Nest] 18584  - [39m26/03/2026, 8:17:09 a. m. [32m    LOG[39m [38;5;3m[RouterExplorer] [39m[32mMapped {/api/criteria/:id, GET} (version: 1) route[39m[38;5;3m +2ms[39m
[32m[Nest] 18584  - [39m26/03/2026, 8:17:09 a. m. [32m    LOG[39m [38;5;3m[RouterExplorer] [39m[32mMapped {/api/criteria, POST} (version: 1) route[39m[38;5;3m +4ms[39m
[32m[Nest] 18584  - [39m26/03/2026, 8:17:09 a. m. [32m    LOG[39m [38;5;3m[RouterExplorer] [39m[32mMapped {/api/criteria/:id, PUT} (version: 1) route[39m[38;5;3m +1ms[39m
[32m[Nest] 18584  - [39m26/03/2026, 8:17:09 a. m. [32m    LOG[39m [38;5;3m[RouterExplorer] [39m[32mMapped {/api/criteria/:id, DELETE} (version: 1) route[39m[38;5;3m +2ms[39m
[32m[Nest] 18584  - [39m26/03/2026, 8:17:09 a. m. [32m    LOG[39m [38;5;3m[RouterExplorer] [39m[32mMapped {/api/criteria/:id/soft-delete, PATCH} (version: 1) route[39m[38;5;3m +1ms[39m
[32m[Nest] 18584  - [39m26/03/2026, 8:17:09 a. m. [32m    LOG[39m [38;5;3m[RoutesResolver] [39m[32mStandardsController {/api/standards} (version: 1):[39m[38;5;3m +1ms[39m
[32m[Nest] 18584  - [39m26/03/2026, 8:17:09 a. m. [32m    LOG[39m [38;5;3m[RouterExplorer] [39m[32mMapped {/api/standards, GET} (version: 1) route[39m[38;5;3m +2ms[39m
[32m[Nest] 18584  - [39m26/03/2026, 8:17:09 a. m. [32m    LOG[39m [38;5;3m[RouterExplorer] [39m[32mMapped {/api/standards/count, GET} (version: 1) route[39m[38;5;3m +7ms[39m
[32m[Nest] 18584  - [39m26/03/2026, 8:17:09 a. m. [32m    LOG[39m [38;5;3m[RouterExplorer] [39m[32mMapped {/api/standards/:id, GET} (version: 1) route[39m[38;5;3m +3ms[39m
[32m[Nest] 18584  - [39m26/03/2026, 8:17:09 a. m. [32m    LOG[39m [38;5;3m[RouterExplorer] [39m[32mMapped {/api/standards, POST} (version: 1) route[39m[38;5;3m +1ms[39m
[32m[Nest] 18584  - [39m26/03/2026, 8:17:09 a. m. [32m    LOG[39m [38;5;3m[RouterExplorer] [39m[32mMapped {/api/standards/:id, PUT} (version: 1) route[39m[38;5;3m +2ms[39m
[32m[Nest] 18584  - [39m26/03/2026, 8:17:09 a. m. [32m    LOG[39m [38;5;3m[RouterExplorer] [39m[32mMapped {/api/standards/:id, DELETE} (version: 1) route[39m[38;5;3m +1ms[39m
[32m[Nest] 18584  - [39m26/03/2026, 8:17:09 a. m. [32m    LOG[39m [38;5;3m[RouterExplorer] [39m[32mMapped {/api/standards/:id/soft-delete, PATCH} (version: 1) route[39m[38;5;3m +10ms[39m
[32m[Nest] 18584  - [39m26/03/2026, 8:17:09 a. m. [32m    LOG[39m [38;5;3m[RoutesResolver] [39m[32mQualityEvidencesController {/api/quality-evidences} (version: 1):[39m[38;5;3m +7ms[39m
[32m[Nest] 18584  - [39m26/03/2026, 8:17:09 a. m. [32m    LOG[39m [38;5;3m[RouterExplorer] [39m[32mMapped {/api/quality-evidences, GET} (version: 1) route[39m[38;5;3m +2ms[39m
[32m[Nest] 18584  - [39m26/03/2026, 8:17:09 a. m. [32m    LOG[39m [38;5;3m[RouterExplorer] [39m[32mMapped {/api/quality-evidences/count, GET} (version: 1) route[39m[38;5;3m +0ms[39m
[32m[Nest] 18584  - [39m26/03/2026, 8:17:09 a. m. [32m    LOG[39m [38;5;3m[RouterExplorer] [39m[32mMapped {/api/quality-evidences/:id, GET} (version: 1) route[39m[38;5;3m +2ms[39m
[32m[Nest] 18584  - [39m26/03/2026, 8:17:09 a. m. [32m    LOG[39m [38;5;3m[RouterExplorer] [39m[32mMapped {/api/quality-evidences, POST} (version: 1) route[39m[38;5;3m +1ms[39m
[32m[Nest] 18584  - [39m26/03/2026, 8:17:09 a. m. [32m    LOG[39m [38;5;3m[RouterExplorer] [39m[32mMapped {/api/quality-evidences/:id, PUT} (version: 1) route[39m[38;5;3m +5ms[39m
[32m[Nest] 18584  - [39m26/03/2026, 8:17:09 a. m. [32m    LOG[39m [38;5;3m[RouterExplorer] [39m[32mMapped {/api/quality-evidences/:id, DELETE} (version: 1) route[39m[38;5;3m +2ms[39m
[32m[Nest] 18584  - [39m26/03/2026, 8:17:09 a. m. [32m    LOG[39m [38;5;3m[RouterExplorer] [39m[32mMapped {/api/quality-evidences/:id/soft-delete, PATCH} (version: 1) route[39m[38;5;3m +1ms[39m
[32m[Nest] 18584  - [39m26/03/2026, 8:17:09 a. m. [32m    LOG[39m [38;5;3m[RoutesResolver] [39m[32mProofDocumentTypesController {/api/proof-document-types} (version: 1):[39m[38;5;3m +0ms[39m
[32m[Nest] 18584  - [39m26/03/2026, 8:17:09 a. m. [32m    LOG[39m [38;5;3m[RouterExplorer] [39m[32mMapped {/api/proof-document-types, GET} (version: 1) route[39m[38;5;3m +3ms[39m
[32m[Nest] 18584  - [39m26/03/2026, 8:17:09 a. m. [32m    LOG[39m [38;5;3m[RouterExplorer] [39m[32mMapped {/api/proof-document-types/count, GET} (version: 1) route[39m[38;5;3m +3ms[39m
[32m[Nest] 18584  - [39m26/03/2026, 8:17:09 a. m. [32m    LOG[39m [38;5;3m[RouterExplorer] [39m[32mMapped {/api/proof-document-types/:id, GET} (version: 1) route[39m[38;5;3m +1ms[39m
[32m[Nest] 18584  - [39m26/03/2026, 8:17:09 a. m. [32m    LOG[39m [38;5;3m[RouterExplorer] [39m[32mMapped {/api/proof-document-types, POST} (version: 1) route[39m[38;5;3m +1ms[39m
[32m[Nest] 18584  - [39m26/03/2026, 8:17:09 a. m. [32m    LOG[39m [38;5;3m[RouterExplorer] [39m[32mMapped {/api/proof-document-types/:id, PUT} (version: 1) route[39m[38;5;3m +1ms[39m
[32m[Nest] 18584  - [39m26/03/2026, 8:17:09 a. m. [32m    LOG[39m [38;5;3m[RouterExplorer] [39m[32mMapped {/api/proof-document-types/:id, DELETE} (version: 1) route[39m[38;5;3m +1ms[39m
[32m[Nest] 18584  - [39m26/03/2026, 8:17:09 a. m. [32m    LOG[39m [38;5;3m[RouterExplorer] [39m[32mMapped {/api/proof-document-types/:id/soft-delete, PATCH} (version: 1) route[39m[38;5;3m +1ms[39m
[32m[Nest] 18584  - [39m26/03/2026, 8:17:09 a. m. [32m    LOG[39m [38;5;3m[RoutesResolver] [39m[32mDocumentCountersController {/api/document-counters} (version: 1):[39m[38;5;3m +0ms[39m
[32m[Nest] 18584  - [39m26/03/2026, 8:17:09 a. m. [32m    LOG[39m [38;5;3m[RouterExplorer] [39m[32mMapped {/api/document-counters/next-number/:typeId, GET} (version: 1) route[39m[38;5;3m +1ms[39m
[32m[Nest] 18584  - [39m26/03/2026, 8:17:09 a. m. [32m    LOG[39m [38;5;3m[RouterExplorer] [39m[32mMapped {/api/document-counters/increment/:typeId, POST} (version: 1) route[39m[38;5;3m +1ms[39m
[32m[Nest] 18584  - [39m26/03/2026, 8:17:09 a. m. [32m    LOG[39m [38;5;3m[RouterExplorer] [39m[32mMapped {/api/document-counters, GET} (version: 1) route[39m[38;5;3m +1ms[39m
[32m[Nest] 18584  - [39m26/03/2026, 8:17:09 a. m. [32m    LOG[39m [38;5;3m[RouterExplorer] [39m[32mMapped {/api/document-counters/count, GET} (version: 1) route[39m[38;5;3m +1ms[39m
[32m[Nest] 18584  - [39m26/03/2026, 8:17:09 a. m. [32m    LOG[39m [38;5;3m[RouterExplorer] [39m[32mMapped {/api/document-counters/:id, GET} (version: 1) route[39m[38;5;3m +0ms[39m
[32m[Nest] 18584  - [39m26/03/2026, 8:17:09 a. m. [32m    LOG[39m [38;5;3m[RouterExplorer] [39m[32mMapped {/api/document-counters, POST} (version: 1) route[39m[38;5;3m +1ms[39m
[32m[Nest] 18584  - [39m26/03/2026, 8:17:09 a. m. [32m    LOG[39m [38;5;3m[RouterExplorer] [39m[32mMapped {/api/document-counters/:id, PUT} (version: 1) route[39m[38;5;3m +1ms[39m
[32m[Nest] 18584  - [39m26/03/2026, 8:17:09 a. m. [32m    LOG[39m [38;5;3m[RouterExplorer] [39m[32mMapped {/api/document-counters/:id, DELETE} (version: 1) route[39m[38;5;3m +2ms[39m
[32m[Nest] 18584  - [39m26/03/2026, 8:17:09 a. m. [32m    LOG[39m [38;5;3m[RouterExplorer] [39m[32mMapped {/api/document-counters/:id/soft-delete, PATCH} (version: 1) route[39m[38;5;3m +1ms[39m
[32m[Nest] 18584  - [39m26/03/2026, 8:17:09 a. m. [32m    LOG[39m [38;5;3m[RoutesResolver] [39m[32mProofDocumentsController {/api/proof-documents} (version: 1):[39m[38;5;3m +1ms[39m
[32m[Nest] 18584  - [39m26/03/2026, 8:17:09 a. m. [32m    LOG[39m [38;5;3m[RouterExplorer] [39m[32mMapped {/api/proof-documents/search, GET} (version: 1) route[39m[38;5;3m +1ms[39m
[32m[Nest] 18584  - [39m26/03/2026, 8:17:09 a. m. [32m    LOG[39m [38;5;3m[RouterExplorer] [39m[32mMapped {/api/proof-documents/upload, POST} (version: 1) route[39m[38;5;3m +1ms[39m
[32m[Nest] 18584  - [39m26/03/2026, 8:17:09 a. m. [32m    LOG[39m [38;5;3m[RouterExplorer] [39m[32mMapped {/api/proof-documents/:id/careers, POST} (version: 1) route[39m[38;5;3m +0ms[39m
[32m[Nest] 18584  - [39m26/03/2026, 8:17:09 a. m. [32m    LOG[39m [38;5;3m[RouterExplorer] [39m[32mMapped {/api/proof-documents/:id/replace-file, POST} (version: 1) route[39m[38;5;3m +1ms[39m
[32m[Nest] 18584  - [39m26/03/2026, 8:17:09 a. m. [32m    LOG[39m [38;5;3m[RouterExplorer] [39m[32mMapped {/api/proof-documents, GET} (version: 1) route[39m[38;5;3m +1ms[39m
[32m[Nest] 18584  - [39m26/03/2026, 8:17:09 a. m. [32m    LOG[39m [38;5;3m[RouterExplorer] [39m[32mMapped {/api/proof-documents/count, GET} (version: 1) route[39m[38;5;3m +0ms[39m
[32m[Nest] 18584  - [39m26/03/2026, 8:17:09 a. m. [32m    LOG[39m [38;5;3m[RouterExplorer] [39m[32mMapped {/api/proof-documents/:id, GET} (version: 1) route[39m[38;5;3m +1ms[39m
[32m[Nest] 18584  - [39m26/03/2026, 8:17:09 a. m. [32m    LOG[39m [38;5;3m[RouterExplorer] [39m[32mMapped {/api/proof-documents, POST} (version: 1) route[39m[38;5;3m +0ms[39m
[32m[Nest] 18584  - [39m26/03/2026, 8:17:09 a. m. [32m    LOG[39m [38;5;3m[RouterExplorer] [39m[32mMapped {/api/proof-documents/:id, PUT} (version: 1) route[39m[38;5;3m +1ms[39m
[32m[Nest] 18584  - [39m26/03/2026, 8:17:09 a. m. [32m    LOG[39m [38;5;3m[RouterExplorer] [39m[32mMapped {/api/proof-documents/:id, DELETE} (version: 1) route[39m[38;5;3m +0ms[39m
[32m[Nest] 18584  - [39m26/03/2026, 8:17:09 a. m. [32m    LOG[39m [38;5;3m[RouterExplorer] [39m[32mMapped {/api/proof-documents/:id/soft-delete, PATCH} (version: 1) route[39m[38;5;3m +1ms[39m
[32m[Nest] 18584  - [39m26/03/2026, 8:17:09 a. m. [32m    LOG[39m [38;5;3m[RoutesResolver] [39m[32mGoogleDriveController {/api/google-drive} (version: 1):[39m[38;5;3m +1ms[39m
[32m[Nest] 18584  - [39m26/03/2026, 8:17:09 a. m. [32m    LOG[39m [38;5;3m[RouterExplorer] [39m[32mMapped {/api/google-drive/create-structure, POST} (version: 1) route[39m[38;5;3m +0ms[39m
[32m[Nest] 18584  - [39m26/03/2026, 8:17:09 a. m. [32m    LOG[39m [38;5;3m[RouterExplorer] [39m[32mMapped {/api/google-drive/upload, POST} (version: 1) route[39m[38;5;3m +2ms[39m
[32m[Nest] 18584  - [39m26/03/2026, 8:17:09 a. m. [32m    LOG[39m [38;5;3m[RouterExplorer] [39m[32mMapped {/api/google-drive/files/:fileId, DELETE} (version: 1) route[39m[38;5;3m +0ms[39m
[32m[Nest] 18584  - [39m26/03/2026, 8:17:09 a. m. [32m    LOG[39m [38;5;3m[RouterExplorer] [39m[32mMapped {/api/google-drive/folders/:folderId/files, GET} (version: 1) route[39m[38;5;3m +1ms[39m
[32m[Nest] 18584  - [39m26/03/2026, 8:17:09 a. m. [32m    LOG[39m [38;5;3m[RouterExplorer] [39m[32mMapped {/api/google-drive/files/:fileId/public-url, GET} (version: 1) route[39m[38;5;3m +1ms[39m
[32m[Nest] 18584  - [39m26/03/2026, 8:17:09 a. m. [32m    LOG[39m [38;5;3m[RoutesResolver] [39m[32mGoogleDriveFoldersController {/api/google-drive-folders} (version: 1):[39m[38;5;3m +1ms[39m
[32m[Nest] 18584  - [39m26/03/2026, 8:17:09 a. m. [32m    LOG[39m [38;5;3m[RouterExplorer] [39m[32mMapped {/api/google-drive-folders/by-level/:level, GET} (version: 1) route[39m[38;5;3m +1ms[39m
[32m[Nest] 18584  - [39m26/03/2026, 8:17:09 a. m. [32m    LOG[39m [38;5;3m[RouterExplorer] [39m[32mMapped {/api/google-drive-folders/by-entity-type, GET} (version: 1) route[39m[38;5;3m +1ms[39m
[32m[Nest] 18584  - [39m26/03/2026, 8:17:09 a. m. [32m    LOG[39m [38;5;3m[RouterExplorer] [39m[32mMapped {/api/google-drive-folders, GET} (version: 1) route[39m[38;5;3m +1ms[39m
[32m[Nest] 18584  - [39m26/03/2026, 8:17:09 a. m. [32m    LOG[39m [38;5;3m[RouterExplorer] [39m[32mMapped {/api/google-drive-folders/count, GET} (version: 1) route[39m[38;5;3m +1ms[39m
[32m[Nest] 18584  - [39m26/03/2026, 8:17:09 a. m. [32m    LOG[39m [38;5;3m[RouterExplorer] [39m[32mMapped {/api/google-drive-folders/:id, GET} (version: 1) route[39m[38;5;3m +1ms[39m
[32m[Nest] 18584  - [39m26/03/2026, 8:17:09 a. m. [32m    LOG[39m [38;5;3m[RouterExplorer] [39m[32mMapped {/api/google-drive-folders, POST} (version: 1) route[39m[38;5;3m +1ms[39m
[32m[Nest] 18584  - [39m26/03/2026, 8:17:09 a. m. [32m    LOG[39m [38;5;3m[RouterExplorer] [39m[32mMapped {/api/google-drive-folders/:id, PUT} (version: 1) route[39m[38;5;3m +1ms[39m
[32m[Nest] 18584  - [39m26/03/2026, 8:17:09 a. m. [32m    LOG[39m [38;5;3m[RouterExplorer] [39m[32mMapped {/api/google-drive-folders/:id, DELETE} (version: 1) route[39m[38;5;3m +1ms[39m
[32m[Nest] 18584  - [39m26/03/2026, 8:17:09 a. m. [32m    LOG[39m [38;5;3m[RouterExplorer] [39m[32mMapped {/api/google-drive-folders/:id/soft-delete, PATCH} (version: 1) route[39m[38;5;3m +1ms[39m
[32m[Nest] 18584  - [39m26/03/2026, 8:17:09 a. m. [32m    LOG[39m [38;5;3m[RoutesResolver] [39m[32mSinaesDocumentHistoryController {/api/sinaes-document-history} (version: 1):[39m[38;5;3m +0ms[39m
[32m[Nest] 18584  - [39m26/03/2026, 8:17:09 a. m. [32m    LOG[39m [38;5;3m[RouterExplorer] [39m[32mMapped {/api/sinaes-document-history/document/:documentId, GET} (version: 1) route[39m[38;5;3m +1ms[39m
[32m[Nest] 18584  - [39m26/03/2026, 8:17:09 a. m. [32m    LOG[39m [38;5;3m[RouterExplorer] [39m[32mMapped {/api/sinaes-document-history/user/:userId, GET} (version: 1) route[39m[38;5;3m +1ms[39m
[32m[Nest] 18584  - [39m26/03/2026, 8:17:09 a. m. [32m    LOG[39m [38;5;3m[RouterExplorer] [39m[32mMapped {/api/sinaes-document-history/recent, GET} (version: 1) route[39m[38;5;3m +0ms[39m
[32m[Nest] 18584  - [39m26/03/2026, 8:17:09 a. m. [32m    LOG[39m [38;5;3m[RouterExplorer] [39m[32mMapped {/api/sinaes-document-history/statistics, GET} (version: 1) route[39m[38;5;3m +1ms[39m
[32m[Nest] 18584  - [39m26/03/2026, 8:17:09 a. m. [32m    LOG[39m [38;5;3m[RoutesResolver] [39m[32mCareerProofDocumentsController {/api/career-proof-documents} (version: 1):[39m[38;5;3m +1ms[39m
[32m[Nest] 18584  - [39m26/03/2026, 8:17:09 a. m. [32m    LOG[39m [38;5;3m[RouterExplorer] [39m[32mMapped {/api/career-proof-documents, GET} (version: 1) route[39m[38;5;3m +1ms[39m
[32m[Nest] 18584  - [39m26/03/2026, 8:17:09 a. m. [32m    LOG[39m [38;5;3m[RouterExplorer] [39m[32mMapped {/api/career-proof-documents/count, GET} (version: 1) route[39m[38;5;3m +0ms[39m
[32m[Nest] 18584  - [39m26/03/2026, 8:17:09 a. m. [32m    LOG[39m [38;5;3m[RouterExplorer] [39m[32mMapped {/api/career-proof-documents/:id, GET} (version: 1) route[39m[38;5;3m +2ms[39m
[32m[Nest] 18584  - [39m26/03/2026, 8:17:09 a. m. [32m    LOG[39m [38;5;3m[RouterExplorer] [39m[32mMapped {/api/career-proof-documents, POST} (version: 1) route[39m[38;5;3m +0ms[39m
[32m[Nest] 18584  - [39m26/03/2026, 8:17:09 a. m. [32m    LOG[39m [38;5;3m[RouterExplorer] [39m[32mMapped {/api/career-proof-documents/:id, PUT} (version: 1) route[39m[38;5;3m +1ms[39m
[32m[Nest] 18584  - [39m26/03/2026, 8:17:09 a. m. [32m    LOG[39m [38;5;3m[RouterExplorer] [39m[32mMapped {/api/career-proof-documents/:id, DELETE} (version: 1) route[39m[38;5;3m +1ms[39m
[32m[Nest] 18584  - [39m26/03/2026, 8:17:09 a. m. [32m    LOG[39m [38;5;3m[RouterExplorer] [39m[32mMapped {/api/career-proof-documents/:id/soft-delete, PATCH} (version: 1) route[39m[38;5;3m +1ms[39m
[32m[Nest] 18584  - [39m26/03/2026, 8:17:09 a. m. [32m    LOG[39m [38;5;3m[RoutesResolver] [39m[32mStandardEvidencesController {/api/standard-evidences} (version: 1):[39m[38;5;3m +1ms[39m
[32m[Nest] 18584  - [39m26/03/2026, 8:17:09 a. m. [32m    LOG[39m [38;5;3m[RouterExplorer] [39m[32mMapped {/api/standard-evidences, GET} (version: 1) route[39m[38;5;3m +1ms[39m
[32m[Nest] 18584  - [39m26/03/2026, 8:17:09 a. m. [32m    LOG[39m [38;5;3m[RouterExplorer] [39m[32mMapped {/api/standard-evidences/count, GET} (version: 1) route[39m[38;5;3m +1ms[39m
[32m[Nest] 18584  - [39m26/03/2026, 8:17:09 a. m. [32m    LOG[39m [38;5;3m[RouterExplorer] [39m[32mMapped {/api/standard-evidences/:id, GET} (version: 1) route[39m[38;5;3m +0ms[39m
[32m[Nest] 18584  - [39m26/03/2026, 8:17:09 a. m. [32m    LOG[39m [38;5;3m[RouterExplorer] [39m[32mMapped {/api/standard-evidences, POST} (version: 1) route[39m[38;5;3m +1ms[39m
[32m[Nest] 18584  - [39m26/03/2026, 8:17:09 a. m. [32m    LOG[39m [38;5;3m[RouterExplorer] [39m[32mMapped {/api/standard-evidences/:id, PUT} (version: 1) route[39m[38;5;3m +1ms[39m
[32m[Nest] 18584  - [39m26/03/2026, 8:17:09 a. m. [32m    LOG[39m [38;5;3m[RouterExplorer] [39m[32mMapped {/api/standard-evidences/:id, DELETE} (version: 1) route[39m[38;5;3m +1ms[39m
[32m[Nest] 18584  - [39m26/03/2026, 8:17:09 a. m. [32m    LOG[39m [38;5;3m[RouterExplorer] [39m[32mMapped {/api/standard-evidences/:id/soft-delete, PATCH} (version: 1) route[39m[38;5;3m +2ms[39m
[32m[Nest] 18584  - [39m26/03/2026, 8:17:09 a. m. [32m    LOG[39m [38;5;3m[RoutesResolver] [39m[32mSinaesReportsController {/api/sinaes-reports} (version: 1):[39m[38;5;3m +0ms[39m
[32m[Nest] 18584  - [39m26/03/2026, 8:17:09 a. m. [32m    LOG[39m [38;5;3m[RouterExplorer] [39m[32mMapped {/api/sinaes-reports/compliance, GET} (version: 1) route[39m[38;5;3m +2ms[39m
[32m[Nest] 18584  - [39m26/03/2026, 8:17:09 a. m. [32m    LOG[39m [38;5;3m[RouterExplorer] [39m[32mMapped {/api/sinaes-reports/compliance/:id, GET} (version: 1) route[39m[38;5;3m +0ms[39m
[32m[Nest] 18584  - [39m26/03/2026, 8:17:09 a. m. [32m    LOG[39m [38;5;3m[RouterExplorer] [39m[32mMapped {/api/sinaes-reports/compliance/list/all, GET} (version: 1) route[39m[38;5;3m +1ms[39m
[32m[Nest] 18584  - [39m26/03/2026, 8:17:09 a. m. [32m    LOG[39m [38;5;3m[RouterExplorer] [39m[32mMapped {/api/sinaes-reports/compliance/:id, DELETE} (version: 1) route[39m[38;5;3m +1ms[39m
[32m[Nest] 18584  - [39m26/03/2026, 8:17:09 a. m. [32m    LOG[39m [38;5;3m[RouterExplorer] [39m[32mMapped {/api/sinaes-reports/compliance/:id/export-pdf, POST} (version: 1) route[39m[38;5;3m +1ms[39m
[32m[Nest] 18584  - [39m26/03/2026, 8:17:09 a. m. [32m    LOG[39m [38;5;3m[RouterExplorer] [39m[32mMapped {/api/sinaes-reports/compliance/export-pdf-temp, POST} (version: 1) route[39m[38;5;3m +1ms[39m
[32m[Nest] 18584  - [39m26/03/2026, 8:17:09 a. m. [32m    LOG[39m [38;5;3m[RoutesResolver] [39m[32mAnnualJourneyTimeAllocationsController {/api/annual-journey-time-allocations} (version: 1):[39m[38;5;3m +1ms[39m
[32m[Nest] 18584  - [39m26/03/2026, 8:17:09 a. m. [32m    LOG[39m [38;5;3m[RouterExplorer] [39m[32mMapped {/api/annual-journey-time-allocations, GET} (version: 1) route[39m[38;5;3m +1ms[39m
[32m[Nest] 18584  - [39m26/03/2026, 8:17:09 a. m. [32m    LOG[39m [38;5;3m[RouterExplorer] [39m[32mMapped {/api/annual-journey-time-allocations/active, GET} (version: 1) route[39m[38;5;3m +1ms[39m
[32m[Nest] 18584  - [39m26/03/2026, 8:17:09 a. m. [32m    LOG[39m [38;5;3m[RouterExplorer] [39m[32mMapped {/api/annual-journey-time-allocations/summary/:year, GET} (version: 1) route[39m[38;5;3m +1ms[39m
[32m[Nest] 18584  - [39m26/03/2026, 8:17:09 a. m. [32m    LOG[39m [38;5;3m[RouterExplorer] [39m[32mMapped {/api/annual-journey-time-allocations/count, GET} (version: 1) route[39m[38;5;3m +1ms[39m
[32m[Nest] 18584  - [39m26/03/2026, 8:17:09 a. m. [32m    LOG[39m [38;5;3m[RouterExplorer] [39m[32mMapped {/api/annual-journey-time-allocations/:id, GET} (version: 1) route[39m[38;5;3m +1ms[39m
[32m[Nest] 18584  - [39m26/03/2026, 8:17:09 a. m. [32m    LOG[39m [38;5;3m[RouterExplorer] [39m[32mMapped {/api/annual-journey-time-allocations, POST} (version: 1) route[39m[38;5;3m +1ms[39m
[32m[Nest] 18584  - [39m26/03/2026, 8:17:09 a. m. [32m    LOG[39m [38;5;3m[RouterExplorer] [39m[32mMapped {/api/annual-journey-time-allocations/:id, PUT} (version: 1) route[39m[38;5;3m +1ms[39m
[32m[Nest] 18584  - [39m26/03/2026, 8:17:09 a. m. [32m    LOG[39m [38;5;3m[RouterExplorer] [39m[32mMapped {/api/annual-journey-time-allocations/:id, DELETE} (version: 1) route[39m[38;5;3m +1ms[39m
[32m[Nest] 18584  - [39m26/03/2026, 8:17:09 a. m. [32m    LOG[39m [38;5;3m[RouterExplorer] [39m[32mMapped {/api/annual-journey-time-allocations/:id/soft-delete, PATCH} (version: 1) route[39m[38;5;3m +0ms[39m
[32m[Nest] 18584  - [39m26/03/2026, 8:17:09 a. m. [32m    LOG[39m [38;5;3m[RoutesResolver] [39m[32mCampusJourneyTimeAllocationsController {/api/campus-journey-time-allocations} (version: 1):[39m[38;5;3m +1ms[39m
[32m[Nest] 18584  - [39m26/03/2026, 8:17:09 a. m. [32m    LOG[39m [38;5;3m[RouterExplorer] [39m[32mMapped {/api/campus-journey-time-allocations, GET} (version: 1) route[39m[38;5;3m +1ms[39m
[32m[Nest] 18584  - [39m26/03/2026, 8:17:09 a. m. [32m    LOG[39m [38;5;3m[RouterExplorer] [39m[32mMapped {/api/campus-journey-time-allocations/raw/:id, GET} (version: 1) route[39m[38;5;3m +1ms[39m
[32m[Nest] 18584  - [39m26/03/2026, 8:17:09 a. m. [32m    LOG[39m [38;5;3m[RouterExplorer] [39m[32mMapped {/api/campus-journey-time-allocations/:id/available-time, GET} (version: 1) route[39m[38;5;3m +1ms[39m
[32m[Nest] 18584  - [39m26/03/2026, 8:17:09 a. m. [32m    LOG[39m [38;5;3m[RouterExplorer] [39m[32mMapped {/api/campus-journey-time-allocations/:id/validate-availability, POST} (version: 1) route[39m[38;5;3m +1ms[39m
[32m[Nest] 18584  - [39m26/03/2026, 8:17:09 a. m. [32m    LOG[39m [38;5;3m[RouterExplorer] [39m[32mMapped {/api/campus-journey-time-allocations/count, GET} (version: 1) route[39m[38;5;3m +12ms[39m
[32m[Nest] 18584  - [39m26/03/2026, 8:17:09 a. m. [32m    LOG[39m [38;5;3m[RouterExplorer] [39m[32mMapped {/api/campus-journey-time-allocations/:id, GET} (version: 1) route[39m[38;5;3m +2ms[39m
[32m[Nest] 18584  - [39m26/03/2026, 8:17:09 a. m. [32m    LOG[39m [38;5;3m[RouterExplorer] [39m[32mMapped {/api/campus-journey-time-allocations, POST} (version: 1) route[39m[38;5;3m +1ms[39m
[32m[Nest] 18584  - [39m26/03/2026, 8:17:09 a. m. [32m    LOG[39m [38;5;3m[RouterExplorer] [39m[32mMapped {/api/campus-journey-time-allocations/:id, PUT} (version: 1) route[39m[38;5;3m +1ms[39m
[32m[Nest] 18584  - [39m26/03/2026, 8:17:09 a. m. [32m    LOG[39m [38;5;3m[RouterExplorer] [39m[32mMapped {/api/campus-journey-time-allocations/:id, DELETE} (version: 1) route[39m[38;5;3m +1ms[39m
[32m[Nest] 18584  - [39m26/03/2026, 8:17:09 a. m. [32m    LOG[39m [38;5;3m[RouterExplorer] [39m[32mMapped {/api/campus-journey-time-allocations/:id/soft-delete, PATCH} (version: 1) route[39m[38;5;3m +1ms[39m
[32m[Nest] 18584  - [39m26/03/2026, 8:17:09 a. m. [32m    LOG[39m [38;5;3m[RoutesResolver] [39m[32mJourneyTimeConfigsController {/api/journey-time-configs} (version: 1):[39m[38;5;3m +0ms[39m
[32m[Nest] 18584  - [39m26/03/2026, 8:17:09 a. m. [32m    LOG[39m [38;5;3m[RouterExplorer] [39m[32mMapped {/api/journey-time-configs, POST} (version: 1) route[39m[38;5;3m +1ms[39m
[32m[Nest] 18584  - [39m26/03/2026, 8:17:09 a. m. [32m    LOG[39m [38;5;3m[RouterExplorer] [39m[32mMapped {/api/journey-time-configs, GET} (version: 1) route[39m[38;5;3m +1ms[39m
[32m[Nest] 18584  - [39m26/03/2026, 8:17:09 a. m. [32m    LOG[39m [38;5;3m[RouterExplorer] [39m[32mMapped {/api/journey-time-configs/active, GET} (version: 1) route[39m[38;5;3m +1ms[39m
[32m[Nest] 18584  - [39m26/03/2026, 8:17:09 a. m. [32m    LOG[39m [38;5;3m[RouterExplorer] [39m[32mMapped {/api/journey-time-configs/:id, PUT} (version: 1) route[39m[38;5;3m +1ms[39m
[32m[Nest] 18584  - [39m26/03/2026, 8:17:09 a. m. [32m    LOG[39m [38;5;3m[RouterExplorer] [39m[32mMapped {/api/journey-time-configs/:id, DELETE} (version: 1) route[39m[38;5;3m +1ms[39m
[32m[Nest] 18584  - [39m26/03/2026, 8:17:09 a. m. [32m    LOG[39m [38;5;3m[RouterExplorer] [39m[32mMapped {/api/journey-time-configs/calc, GET} (version: 1) route[39m[38;5;3m +1ms[39m
[32m[Nest] 18584  - [39m26/03/2026, 8:17:09 a. m. [32m    LOG[39m [38;5;3m[RoutesResolver] [39m[32mExternalProvidersController {/api/external-providers} (version: 1):[39m[38;5;3m +1ms[39m
[32m[Nest] 18584  - [39m26/03/2026, 8:17:09 a. m. [32m    LOG[39m [38;5;3m[RouterExplorer] [39m[32mMapped {/api/external-providers, POST} (version: 1) route[39m[38;5;3m +1ms[39m
[32m[Nest] 18584  - [39m26/03/2026, 8:17:09 a. m. [32m    LOG[39m [38;5;3m[RouterExplorer] [39m[32mMapped {/api/external-providers, GET} (version: 1) route[39m[38;5;3m +1ms[39m
[32m[Nest] 18584  - [39m26/03/2026, 8:17:09 a. m. [32m    LOG[39m [38;5;3m[RouterExplorer] [39m[32mMapped {/api/external-providers/:id, GET} (version: 1) route[39m[38;5;3m +1ms[39m
[32m[Nest] 18584  - [39m26/03/2026, 8:17:09 a. m. [32m    LOG[39m [38;5;3m[RouterExplorer] [39m[32mMapped {/api/external-providers/:id, PUT} (version: 1) route[39m[38;5;3m +1ms[39m
[32m[Nest] 18584  - [39m26/03/2026, 8:17:09 a. m. [32m    LOG[39m [38;5;3m[RouterExplorer] [39m[32mMapped {/api/external-providers/:id, DELETE} (version: 1) route[39m[38;5;3m +1ms[39m
[32m[Nest] 18584  - [39m26/03/2026, 8:17:09 a. m. [32m    LOG[39m [38;5;3m[RouterExplorer] [39m[32mMapped {/api/external-providers/by-annual-allocation/:annualAllocationId, GET} (version: 1) route[39m[38;5;3m +1ms[39m
[32m[Nest] 18584  - [39m26/03/2026, 8:17:09 a. m. [32m    LOG[39m [38;5;3m[RouterExplorer] [39m[32mMapped {/api/external-providers/total-provided-time/:annualAllocationId, GET} (version: 1) route[39m[38;5;3m +1ms[39m
[32m[Nest] 18584  - [39m26/03/2026, 8:17:09 a. m. [32m    LOG[39m [38;5;3m[RoutesResolver] [39m[32mInstitutionalProjectsController {/api/institutional-projects} (version: 1):[39m[38;5;3m +1ms[39m
[32m[Nest] 18584  - [39m26/03/2026, 8:17:09 a. m. [32m    LOG[39m [38;5;3m[RouterExplorer] [39m[32mMapped {/api/institutional-projects, POST} (version: 1) route[39m[38;5;3m +1ms[39m
[32m[Nest] 18584  - [39m26/03/2026, 8:17:09 a. m. [32m    LOG[39m [38;5;3m[RouterExplorer] [39m[32mMapped {/api/institutional-projects, GET} (version: 1) route[39m[38;5;3m +1ms[39m
[32m[Nest] 18584  - [39m26/03/2026, 8:17:09 a. m. [32m    LOG[39m [38;5;3m[RouterExplorer] [39m[32mMapped {/api/institutional-projects/with-available-time, GET} (version: 1) route[39m[38;5;3m +1ms[39m
[32m[Nest] 18584  - [39m26/03/2026, 8:17:09 a. m. [32m    LOG[39m [38;5;3m[RouterExplorer] [39m[32mMapped {/api/institutional-projects/by-campus-allocation/:campusAllocationId, GET} (version: 1) route[39m[38;5;3m +1ms[39m
[32m[Nest] 18584  - [39m26/03/2026, 8:17:09 a. m. [32m    LOG[39m [38;5;3m[RouterExplorer] [39m[32mMapped {/api/institutional-projects/by-director/:directorId, GET} (version: 1) route[39m[38;5;3m +1ms[39m
[32m[Nest] 18584  - [39m26/03/2026, 8:17:09 a. m. [32m    LOG[39m [38;5;3m[RouterExplorer] [39m[32mMapped {/api/institutional-projects/total-assigned-time/:campusAllocationId, GET} (version: 1) route[39m[38;5;3m +1ms[39m
[32m[Nest] 18584  - [39m26/03/2026, 8:17:09 a. m. [32m    LOG[39m [38;5;3m[RouterExplorer] [39m[32mMapped {/api/institutional-projects/:id, GET} (version: 1) route[39m[38;5;3m +1ms[39m
[32m[Nest] 18584  - [39m26/03/2026, 8:17:09 a. m. [32m    LOG[39m [38;5;3m[RouterExplorer] [39m[32mMapped {/api/institutional-projects/:id, PUT} (version: 1) route[39m[38;5;3m +1ms[39m
[32m[Nest] 18584  - [39m26/03/2026, 8:17:09 a. m. [32m    LOG[39m [38;5;3m[RouterExplorer] [39m[32mMapped {/api/institutional-projects/:id, DELETE} (version: 1) route[39m[38;5;3m +1ms[39m
[32m[Nest] 18584  - [39m26/03/2026, 8:17:09 a. m. [32m    LOG[39m [38;5;3m[RoutesResolver] [39m[32mTimesController {/api/times} (version: 1):[39m[38;5;3m +0ms[39m
[32m[Nest] 18584  - [39m26/03/2026, 8:17:09 a. m. [32m    LOG[39m [38;5;3m[RouterExplorer] [39m[32mMapped {/api/times/ping, GET} (version: 1) route[39m[38;5;3m +1ms[39m
[32m[Nest] 18584  - [39m26/03/2026, 8:17:09 a. m. [32m    LOG[39m [38;5;3m[RouterExplorer] [39m[32mMapped {/api/times/mock-campus, GET} (version: 1) route[39m[38;5;3m +1ms[39m
[32m[Nest] 18584  - [39m26/03/2026, 8:17:09 a. m. [32m    LOG[39m [38;5;3m[RouterExplorer] [39m[32mMapped {/api/times, POST} (version: 1) route[39m[38;5;3m +1ms[39m
[32m[Nest] 18584  - [39m26/03/2026, 8:17:09 a. m. [32m    LOG[39m [38;5;3m[RoutesResolver] [39m[32mRepitenciasController {/api/repitencias} (version: 1):[39m[38;5;3m +0ms[39m
[32m[Nest] 18584  - [39m26/03/2026, 8:17:09 a. m. [32m    LOG[39m [38;5;3m[RouterExplorer] [39m[32mMapped {/api/repitencias, POST} (version: 1) route[39m[38;5;3m +1ms[39m
[32m[Nest] 18584  - [39m26/03/2026, 8:17:09 a. m. [32m    LOG[39m [38;5;3m[RouterExplorer] [39m[32mMapped {/api/repitencias, GET} (version: 1) route[39m[38;5;3m +1ms[39m
[32m[Nest] 18584  - [39m26/03/2026, 8:17:09 a. m. [32m    LOG[39m [38;5;3m[RouterExplorer] [39m[32mMapped {/api/repitencias/statistics, GET} (version: 1) route[39m[38;5;3m +0ms[39m
[32m[Nest] 18584  - [39m26/03/2026, 8:17:09 a. m. [32m    LOG[39m [38;5;3m[RouterExplorer] [39m[32mMapped {/api/repitencias/by-campus/:campusId, GET} (version: 1) route[39m[38;5;3m +1ms[39m
[32m[Nest] 18584  - [39m26/03/2026, 8:17:09 a. m. [32m    LOG[39m [38;5;3m[RouterExplorer] [39m[32mMapped {/api/repitencias/by-course/:courseId, GET} (version: 1) route[39m[38;5;3m +1ms[39m
[32m[Nest] 18584  - [39m26/03/2026, 8:17:09 a. m. [32m    LOG[39m [38;5;3m[RouterExplorer] [39m[32mMapped {/api/repitencias/by-academic-cycle/:academicCycleId, GET} (version: 1) route[39m[38;5;3m +1ms[39m
[32m[Nest] 18584  - [39m26/03/2026, 8:17:09 a. m. [32m    LOG[39m [38;5;3m[RouterExplorer] [39m[32mMapped {/api/repitencias/by-campus-allocation/:campusAllocationId, GET} (version: 1) route[39m[38;5;3m +1ms[39m
[32m[Nest] 18584  - [39m26/03/2026, 8:17:09 a. m. [32m    LOG[39m [38;5;3m[RouterExplorer] [39m[32mMapped {/api/repitencias/total-additional-hours/:campusAllocationId, GET} (version: 1) route[39m[38;5;3m +0ms[39m
[32m[Nest] 18584  - [39m26/03/2026, 8:17:09 a. m. [32m    LOG[39m [38;5;3m[RouterExplorer] [39m[32mMapped {/api/repitencias/:id, GET} (version: 1) route[39m[38;5;3m +1ms[39m
[32m[Nest] 18584  - [39m26/03/2026, 8:17:09 a. m. [32m    LOG[39m [38;5;3m[RouterExplorer] [39m[32mMapped {/api/repitencias/:id, PUT} (version: 1) route[39m[38;5;3m +1ms[39m
[32m[Nest] 18584  - [39m26/03/2026, 8:17:09 a. m. [32m    LOG[39m [38;5;3m[RouterExplorer] [39m[32mMapped {/api/repitencias/:id, DELETE} (version: 1) route[39m[38;5;3m +3ms[39m
[32m[Nest] 18584  - [39m26/03/2026, 8:17:09 a. m. [32m    LOG[39m [38;5;3m[RoutesResolver] [39m[32mSetupController {/api/setup} (version: 1):[39m[38;5;3m +1ms[39m
[32m[Nest] 18584  - [39m26/03/2026, 8:17:09 a. m. [32m    LOG[39m [38;5;3m[RouterExplorer] [39m[32mMapped {/api/setup/journey-time-config, POST} (version: 1) route[39m[38;5;3m +1ms[39m
